[2026-04-15T13:47:12.126Z] Starting dev server with command: pnpm run dev
[2026-04-15T13:47:12.844Z] 
[2026-04-15T13:47:12.844Z] > wilker-tezoto-advogado@1.0.0 dev /home/ubuntu/wilker-tezoto-advogado
[2026-04-15T13:47:12.845Z] > vite --host
[2026-04-15T13:47:12.845Z] 
[2026-04-15T13:47:13.389Z] 
[2026-04-15T13:47:13.389Z] VITE v7.1.9  ready in 508 ms
[2026-04-15T13:47:13.390Z] 
[2026-04-15T13:47:13.390Z] ➜  Local:   http://localhost:3000/
[2026-04-15T13:47:13.391Z] ➜  Network: http://169.254.0.21:3000/
[2026-04-15T13:47:15.949Z] [baseline-browser-mapping] The data in this module is over two months old.  To ensure accurate Baseline data, please update: `npm i baseline-browser-mapping@latest -D`
[2026-04-15T13:47:17.130Z] [vite:css][postcss] @import must precede all other statements (besides @charset or empty @layer)
[2026-04-15T13:47:17.131Z] 5731 |    initial-value: 0;
[2026-04-15T13:47:17.131Z] 5732 |  }
[2026-04-15T13:47:17.131Z] 5733 |  @import url('https://fonts.googleapis.com/css2?family=Lora:wght@400;500;600;700&family=Inter:wght@400;500;600;700&dis...
[2026-04-15T13:47:17.132Z] |  ^^^^^^^^^^^^^^^^^^^^^^^^^^^^^^^^^^^^^^^^^^^^^^^^^^^^^^^^^^^^^^^^^^^^^^^^^^^^^^^^^^^^^^^^^^^^^^^^^^^^^^^^^^^^^^^^^^^^^^^^
[2026-04-15T13:47:17.132Z] 5734 |  :root {
[2026-04-15T13:47:17.132Z] 5735 |    --primary: #1a2847;
[2026-04-15T13:50:20.023Z] 9:50:20 AM [vite] (client) hmr update /src/components/Header.tsx, /src/index.css
[2026-04-15T13:50:30.366Z] Dev server process group stopped
[2026-04-15T13:50:30.369Z] ELIFECYCLE  Command failed.
[2026-04-15T13:50:30.379Z] Dev server exited with code -15
[2026-04-15T13:50:33.389Z] Starting dev server with command: pnpm run dev
[2026-04-15T13:50:33.961Z] 
[2026-04-15T13:50:33.961Z] > wilker-tezoto-advogado@1.0.0 dev /home/ubuntu/wilker-tezoto-advogado
[2026-04-15T13:50:33.962Z] > vite --host
[2026-04-15T13:50:33.962Z] 
[2026-04-15T13:50:34.280Z] 
[2026-04-15T13:50:34.281Z] VITE v7.1.9  ready in 285 ms
[2026-04-15T13:50:34.281Z] 
[2026-04-15T13:50:34.282Z] ➜  Local:   http://localhost:3000/
[2026-04-15T13:50:34.282Z] ➜  Network: http://169.254.0.21:3000/
[2026-04-15T13:50:35.672Z] [baseline-browser-mapping] The data in this module is over two months old.  To ensure accurate Baseline data, please update: `npm i baseline-browser-mapping@latest -D`
[2026-04-15T13:50:36.684Z] [vite:css][postcss] @import must precede all other statements (besides @charset or empty @layer)
[2026-04-15T13:50:36.685Z] 5728 |    initial-value: 0;
[2026-04-15T13:50:36.685Z] 5729 |  }
[2026-04-15T13:50:36.685Z] 5730 |  @import url('https://fonts.googleapis.com/css2?family=Lora:wght@400;500;600;700&family=Inter:wght@400;500;600;700&dis...
[2026-04-15T13:50:36.686Z] |  ^^^^^^^^^^^^^^^^^^^^^^^^^^^^^^^^^^^^^^^^^^^^^^^^^^^^^^^^^^^^^^^^^^^^^^^^^^^^^^^^^^^^^^^^^^^^^^^^^^^^^^^^^^^^^^^^^^^^^^^^
[2026-04-15T13:50:36.686Z] 5731 |  :root {
[2026-04-15T13:50:36.686Z] 5732 |    --primary: #1a2847;
[2026-04-15T13:52:06.098Z] 9:52:06 AM [vite] (client) hmr update /src/components/Header.tsx, /src/index.css
[2026-04-15T13:52:06.242Z] [vite:css][postcss] @import must precede all other statements (besides @charset or empty @layer)
[2026-04-15T13:52:06.243Z] 5731 |    initial-value: 0;
[2026-04-15T13:52:06.243Z] 5732 |  }
[2026-04-15T13:52:06.243Z] 5733 |  @import url('https://fonts.googleapis.com/css2?family=Lora:wght@400;500;600;700&family=Inter:wght@400;500;600;700&dis...
[2026-04-15T13:52:06.243Z] |  ^^^^^^^^^^^^^^^^^^^^^^^^^^^^^^^^^^^^^^^^^^^^^^^^^^^^^^^^^^^^^^^^^^^^^^^^^^^^^^^^^^^^^^^^^^^^^^^^^^^^^^^^^^^^^^^^^^^^^^^^
[2026-04-15T13:52:06.243Z] 5734 |  :root {
[2026-04-15T13:52:06.244Z] 5735 |    --primary: #1a2847;
[2026-04-15T13:52:09.648Z] Dev server process group stopped
[2026-04-15T13:52:09.650Z] ELIFECYCLE  Command failed.
[2026-04-15T13:52:09.664Z] Dev server exited with code -15
[2026-04-15T13:52:12.676Z] Starting dev server with command: pnpm run dev
[2026-04-15T13:52:13.261Z] 
[2026-04-15T13:52:13.261Z] > wilker-tezoto-advogado@1.0.0 dev /home/ubuntu/wilker-tezoto-advogado
[2026-04-15T13:52:13.262Z] > vite --host
[2026-04-15T13:52:13.262Z] 
[2026-04-15T13:52:13.567Z] 
[2026-04-15T13:52:13.567Z] VITE v7.1.9  ready in 271 ms
[2026-04-15T13:52:13.568Z] 
[2026-04-15T13:52:13.568Z] ➜  Local:   http://localhost:3000/
[2026-04-15T13:52:13.569Z] ➜  Network: http://169.254.0.21:3000/
[2026-04-15T13:52:14.065Z] [baseline-browser-mapping] The data in this module is over two months old.  To ensure accurate Baseline data, please update: `npm i baseline-browser-mapping@latest -D`
[2026-04-15T13:52:15.129Z] [vite:css][postcss] @import must precede all other statements (besides @charset or empty @layer)
[2026-04-15T13:52:15.129Z] 5731 |    initial-value: 0;
[2026-04-15T13:52:15.130Z] 5732 |  }
[2026-04-15T13:52:15.130Z] 5733 |  @import url('https://fonts.googleapis.com/css2?family=Lora:wght@400;500;600;700&family=Inter:wght@400;500;600;700&dis...
[2026-04-15T13:52:15.130Z] |  ^^^^^^^^^^^^^^^^^^^^^^^^^^^^^^^^^^^^^^^^^^^^^^^^^^^^^^^^^^^^^^^^^^^^^^^^^^^^^^^^^^^^^^^^^^^^^^^^^^^^^^^^^^^^^^^^^^^^^^^^
[2026-04-15T13:52:15.130Z] 5734 |  :root {
[2026-04-15T13:52:15.130Z] 5735 |    --primary: #1a2847;
[2026-04-15T13:52:40.962Z] 9:52:40 AM [vite] (client) hmr update /src/index.css
[2026-04-15T13:52:41.052Z] [vite:css][postcss] @import must precede all other statements (besides @charset or empty @layer)
[2026-04-15T13:52:41.053Z] 5731 |    initial-value: 0;
[2026-04-15T13:52:41.053Z] 5732 |  }
[2026-04-15T13:52:41.053Z] 5733 |  @import url('https://fonts.googleapis.com/css2?family=Lora:wght@400;500;600;700&family=Inter:wght@400;500;600;700&dis...
[2026-04-15T13:52:41.054Z] |  ^^^^^^^^^^^^^^^^^^^^^^^^^^^^^^^^^^^^^^^^^^^^^^^^^^^^^^^^^^^^^^^^^^^^^^^^^^^^^^^^^^^^^^^^^^^^^^^^^^^^^^^^^^^^^^^^^^^^^^^^
[2026-04-15T13:52:41.054Z] 5734 |  :root {
[2026-04-15T13:52:41.054Z] 5735 |    --primary: #1a2847;
[2026-04-15T14:00:03.883Z] 10:00:03 AM [vite] (client) hmr update /src/pages/Home.tsx, /src/index.css
[2026-04-15T14:00:04.029Z] [vite:css][postcss] @import must precede all other statements (besides @charset or empty @layer)
[2026-04-15T14:00:04.030Z] 5737 |    initial-value: 0;
[2026-04-15T14:00:04.030Z] 5738 |  }
[2026-04-15T14:00:04.031Z] 5739 |  @import url('https://fonts.googleapis.com/css2?family=Lora:wght@400;500;600;700&family=Inter:wght@400;500;600;700&dis...
[2026-04-15T14:00:04.031Z] |  ^^^^^^^^^^^^^^^^^^^^^^^^^^^^^^^^^^^^^^^^^^^^^^^^^^^^^^^^^^^^^^^^^^^^^^^^^^^^^^^^^^^^^^^^^^^^^^^^^^^^^^^^^^^^^^^^^^^^^^^^
[2026-04-15T14:00:04.031Z] 5740 |  :root {
[2026-04-15T14:00:04.031Z] 5741 |    --primary: #1a2847;
[2026-04-15T14:00:49.682Z] 10:00:49 AM [vite] (client) hmr update /src/components/LatestNews.tsx, /src/index.css
[2026-04-15T14:00:49.821Z] [vite:css][postcss] @import must precede all other statements (besides @charset or empty @layer)
[2026-04-15T14:00:49.821Z] 5750 |    initial-value: 0;
[2026-04-15T14:00:49.821Z] 5751 |  }
[2026-04-15T14:00:49.821Z] 5752 |  @import url('https://fonts.googleapis.com/css2?family=Lora:wght@400;500;600;700&family=Inter:wght@400;500;600;700&dis...
[2026-04-15T14:00:49.822Z] |  ^^^^^^^^^^^^^^^^^^^^^^^^^^^^^^^^^^^^^^^^^^^^^^^^^^^^^^^^^^^^^^^^^^^^^^^^^^^^^^^^^^^^^^^^^^^^^^^^^^^^^^^^^^^^^^^^^^^^^^^^
[2026-04-15T14:00:49.822Z] 5753 |  :root {
[2026-04-15T14:00:49.822Z] 5754 |    --primary: #1a2847;
[2026-04-15T14:00:53.576Z] Dev server process group stopped
[2026-04-15T14:00:53.579Z] ELIFECYCLE  Command failed.
[2026-04-15T14:00:53.589Z] Dev server exited with code -15
[2026-04-15T14:00:56.607Z] Starting dev server with command: pnpm run dev
[2026-04-15T14:00:57.220Z] 
[2026-04-15T14:00:57.221Z] > wilker-tezoto-advogado@1.0.0 dev /home/ubuntu/wilker-tezoto-advogado
[2026-04-15T14:00:57.221Z] > vite --host
[2026-04-15T14:00:57.222Z] 
[2026-04-15T14:00:57.565Z] 
[2026-04-15T14:00:57.566Z] VITE v7.1.9  ready in 299 ms
[2026-04-15T14:00:57.566Z] 
[2026-04-15T14:00:57.566Z] ➜  Local:   http://localhost:3000/
[2026-04-15T14:00:57.567Z] ➜  Network: http://169.254.0.21:3000/
[2026-04-15T14:00:57.996Z] [baseline-browser-mapping] The data in this module is over two months old.  To ensure accurate Baseline data, please update: `npm i baseline-browser-mapping@latest -D`
[2026-04-15T14:00:59.047Z] [vite:css][postcss] @import must precede all other statements (besides @charset or empty @layer)
[2026-04-15T14:00:59.047Z] 5736 |    initial-value: 0;
[2026-04-15T14:00:59.048Z] 5737 |  }
[2026-04-15T14:00:59.048Z] 5738 |  @import url('https://fonts.googleapis.com/css2?family=Lora:wght@400;500;600;700&family=Inter:wght@400;500;600;700&dis...
[2026-04-15T14:00:59.048Z] |  ^^^^^^^^^^^^^^^^^^^^^^^^^^^^^^^^^^^^^^^^^^^^^^^^^^^^^^^^^^^^^^^^^^^^^^^^^^^^^^^^^^^^^^^^^^^^^^^^^^^^^^^^^^^^^^^^^^^^^^^^
[2026-04-15T14:00:59.048Z] 5739 |  :root {
[2026-04-15T14:00:59.048Z] 5740 |    --primary: #1a2847;
[2026-04-15T14:01:45.478Z] 10:01:45 AM [vite] (client) hmr update /src/index.css
[2026-04-15T14:01:45.559Z] [vite:css][postcss] @import must precede all other statements (besides @charset or empty @layer)
[2026-04-15T14:01:45.560Z] 5736 |    initial-value: 0;
[2026-04-15T14:01:45.560Z] 5737 |  }
[2026-04-15T14:01:45.561Z] 5738 |  @import url('https://fonts.googleapis.com/css2?family=Lora:wght@400;500;600;700&family=Inter:wght@400;500;600;700&dis...
[2026-04-15T14:01:45.561Z] |  ^^^^^^^^^^^^^^^^^^^^^^^^^^^^^^^^^^^^^^^^^^^^^^^^^^^^^^^^^^^^^^^^^^^^^^^^^^^^^^^^^^^^^^^^^^^^^^^^^^^^^^^^^^^^^^^^^^^^^^^^
[2026-04-15T14:01:45.561Z] 5739 |  :root {
[2026-04-15T14:01:45.561Z] 5740 |    --primary: #1a2847;
[2026-04-15T14:10:24.410Z] 10:10:24 AM [vite] (client) hmr update /src/components/Footer.tsx, /src/index.css
[2026-04-15T14:10:24.482Z] [vite:css][postcss] @import must precede all other statements (besides @charset or empty @layer)
[2026-04-15T14:10:24.482Z] 5736 |    initial-value: 0;
[2026-04-15T14:10:24.483Z] 5737 |  }
[2026-04-15T14:10:24.483Z] 5738 |  @import url('https://fonts.googleapis.com/css2?family=Lora:wght@400;500;600;700&family=Inter:wght@400;500;600;700&dis...
[2026-04-15T14:10:24.483Z] |  ^^^^^^^^^^^^^^^^^^^^^^^^^^^^^^^^^^^^^^^^^^^^^^^^^^^^^^^^^^^^^^^^^^^^^^^^^^^^^^^^^^^^^^^^^^^^^^^^^^^^^^^^^^^^^^^^^^^^^^^^
[2026-04-15T14:10:24.483Z] 5739 |  :root {
[2026-04-15T14:10:24.484Z] 5740 |    --primary: #1a2847;
[2026-04-15T14:10:27.774Z] Dev server process group stopped
[2026-04-15T14:10:27.777Z] ELIFECYCLE  Command failed.
[2026-04-15T14:10:27.789Z] Dev server exited with code -15
[2026-04-15T14:10:30.801Z] Starting dev server with command: pnpm run dev
[2026-04-15T14:10:31.405Z] 
[2026-04-15T14:10:31.405Z] > wilker-tezoto-advogado@1.0.0 dev /home/ubuntu/wilker-tezoto-advogado
[2026-04-15T14:10:31.406Z] > vite --host
[2026-04-15T14:10:31.406Z] 
[2026-04-15T14:10:31.732Z] 
[2026-04-15T14:10:31.732Z] VITE v7.1.9  ready in 289 ms
[2026-04-15T14:10:31.733Z] 
[2026-04-15T14:10:31.733Z] ➜  Local:   http://localhost:3000/
[2026-04-15T14:10:31.734Z] ➜  Network: http://169.254.0.21:3000/
[2026-04-15T14:10:32.167Z] [baseline-browser-mapping] The data in this module is over two months old.  To ensure accurate Baseline data, please update: `npm i baseline-browser-mapping@latest -D`
[2026-04-15T14:10:33.188Z] [vite:css][postcss] @import must precede all other statements (besides @charset or empty @layer)
[2026-04-15T14:10:33.189Z] 5736 |    initial-value: 0;
[2026-04-15T14:10:33.189Z] 5737 |  }
[2026-04-15T14:10:33.189Z] 5738 |  @import url('https://fonts.googleapis.com/css2?family=Lora:wght@400;500;600;700&family=Inter:wght@400;500;600;700&dis...
[2026-04-15T14:10:33.190Z] |  ^^^^^^^^^^^^^^^^^^^^^^^^^^^^^^^^^^^^^^^^^^^^^^^^^^^^^^^^^^^^^^^^^^^^^^^^^^^^^^^^^^^^^^^^^^^^^^^^^^^^^^^^^^^^^^^^^^^^^^^^
[2026-04-15T14:10:33.190Z] 5739 |  :root {
[2026-04-15T14:10:33.190Z] 5740 |    --primary: #1a2847;
[2026-04-15T14:11:19.395Z] 10:11:19 AM [vite] (client) hmr update /src/index.css
[2026-04-15T14:11:19.495Z] [vite:css][postcss] @import must precede all other statements (besides @charset or empty @layer)
[2026-04-15T14:11:19.496Z] 5736 |    initial-value: 0;
[2026-04-15T14:11:19.496Z] 5737 |  }
[2026-04-15T14:11:19.496Z] 5738 |  @import url('https://fonts.googleapis.com/css2?family=Lora:wght@400;500;600;700&family=Inter:wght@400;500;600;700&dis...
[2026-04-15T14:11:19.497Z] |  ^^^^^^^^^^^^^^^^^^^^^^^^^^^^^^^^^^^^^^^^^^^^^^^^^^^^^^^^^^^^^^^^^^^^^^^^^^^^^^^^^^^^^^^^^^^^^^^^^^^^^^^^^^^^^^^^^^^^^^^^
[2026-04-15T14:11:19.497Z] 5739 |  :root {
[2026-04-15T14:11:19.497Z] 5740 |    --primary: #1a2847;
[2026-04-15T14:17:54.577Z] 10:17:54 AM [vite] (client) hmr update /src/components/Footer.tsx, /src/index.css
[2026-04-15T14:17:54.689Z] [vite:css][postcss] @import must precede all other statements (besides @charset or empty @layer)
[2026-04-15T14:17:54.690Z] 5736 |    initial-value: 0;
[2026-04-15T14:17:54.690Z] 5737 |  }
[2026-04-15T14:17:54.690Z] 5738 |  @import url('https://fonts.googleapis.com/css2?family=Lora:wght@400;500;600;700&family=Inter:wght@400;500;600;700&dis...
[2026-04-15T14:17:54.691Z] |  ^^^^^^^^^^^^^^^^^^^^^^^^^^^^^^^^^^^^^^^^^^^^^^^^^^^^^^^^^^^^^^^^^^^^^^^^^^^^^^^^^^^^^^^^^^^^^^^^^^^^^^^^^^^^^^^^^^^^^^^^
[2026-04-15T14:17:54.691Z] 5739 |  :root {
[2026-04-15T14:17:54.692Z] 5740 |    --primary: #1a2847;
[2026-04-15T14:18:13.926Z] Dev server process group stopped
[2026-04-15T14:18:13.929Z] ELIFECYCLE  Command failed.
[2026-04-15T14:18:13.941Z] Dev server exited with code -15
[2026-04-15T14:18:16.954Z] Starting dev server with command: pnpm run dev
[2026-04-15T14:18:17.593Z] 
[2026-04-15T14:18:17.594Z] > wilker-tezoto-advogado@1.0.0 dev /home/ubuntu/wilker-tezoto-advogado
[2026-04-15T14:18:17.594Z] > vite --host
[2026-04-15T14:18:17.595Z] 
[2026-04-15T14:18:17.912Z] 
[2026-04-15T14:18:17.913Z] VITE v7.1.9  ready in 282 ms
[2026-04-15T14:18:17.913Z] 
[2026-04-15T14:18:17.914Z] ➜  Local:   http://localhost:3000/
[2026-04-15T14:18:17.914Z] ➜  Network: http://169.254.0.21:3000/
[2026-04-15T14:18:18.352Z] [baseline-browser-mapping] The data in this module is over two months old.  To ensure accurate Baseline data, please update: `npm i baseline-browser-mapping@latest -D`
[2026-04-15T14:18:19.440Z] [vite:css][postcss] @import must precede all other statements (besides @charset or empty @layer)
[2026-04-15T14:18:19.440Z] 5736 |    initial-value: 0;
[2026-04-15T14:18:19.441Z] 5737 |  }
[2026-04-15T14:18:19.441Z] 5738 |  @import url('https://fonts.googleapis.com/css2?family=Lora:wght@400;500;600;700&family=Inter:wght@400;500;600;700&dis...
[2026-04-15T14:18:19.442Z] |  ^^^^^^^^^^^^^^^^^^^^^^^^^^^^^^^^^^^^^^^^^^^^^^^^^^^^^^^^^^^^^^^^^^^^^^^^^^^^^^^^^^^^^^^^^^^^^^^^^^^^^^^^^^^^^^^^^^^^^^^^
[2026-04-15T14:18:19.442Z] 5739 |  :root {
[2026-04-15T14:18:19.443Z] 5740 |    --primary: #1a2847;
[2026-04-15T14:19:01.803Z] 10:19:01 AM [vite] (client) hmr update /src/index.css
[2026-04-15T14:19:01.886Z] [vite:css][postcss] @import must precede all other statements (besides @charset or empty @layer)
[2026-04-15T14:19:01.887Z] 5736 |    initial-value: 0;
[2026-04-15T14:19:01.887Z] 5737 |  }
[2026-04-15T14:19:01.887Z] 5738 |  @import url('https://fonts.googleapis.com/css2?family=Lora:wght@400;500;600;700&family=Inter:wght@400;500;600;700&dis...
[2026-04-15T14:19:01.887Z] |  ^^^^^^^^^^^^^^^^^^^^^^^^^^^^^^^^^^^^^^^^^^^^^^^^^^^^^^^^^^^^^^^^^^^^^^^^^^^^^^^^^^^^^^^^^^^^^^^^^^^^^^^^^^^^^^^^^^^^^^^^
[2026-04-15T14:19:01.888Z] 5739 |  :root {
[2026-04-15T14:19:01.888Z] 5740 |    --primary: #1a2847;
[2026-04-15T14:28:18.927Z] 10:28:18 AM [vite] (client) hmr update /src/pages/Contact.tsx, /src/index.css
[2026-04-15T14:28:19.018Z] [vite:css][postcss] @import must precede all other statements (besides @charset or empty @layer)
[2026-04-15T14:28:19.019Z] 5736 |    initial-value: 0;
[2026-04-15T14:28:19.019Z] 5737 |  }
[2026-04-15T14:28:19.020Z] 5738 |  @import url('https://fonts.googleapis.com/css2?family=Lora:wght@400;500;600;700&family=Inter:wght@400;500;600;700&dis...
[2026-04-15T14:28:19.020Z] |  ^^^^^^^^^^^^^^^^^^^^^^^^^^^^^^^^^^^^^^^^^^^^^^^^^^^^^^^^^^^^^^^^^^^^^^^^^^^^^^^^^^^^^^^^^^^^^^^^^^^^^^^^^^^^^^^^^^^^^^^^
[2026-04-15T14:28:19.020Z] 5739 |  :root {
[2026-04-15T14:28:19.020Z] 5740 |    --primary: #1a2847;
[2026-04-15T14:28:48.641Z] Dev server process group stopped
[2026-04-15T14:28:48.643Z] ELIFECYCLE  Command failed.
[2026-04-15T14:28:48.659Z] Dev server exited with code -15
[2026-04-15T14:28:51.671Z] Starting dev server with command: pnpm run dev
[2026-04-15T14:28:52.262Z] 
[2026-04-15T14:28:52.262Z] > wilker-tezoto-advogado@1.0.0 dev /home/ubuntu/wilker-tezoto-advogado
[2026-04-15T14:28:52.263Z] > vite --host
[2026-04-15T14:28:52.263Z] 
[2026-04-15T14:28:52.579Z] 
[2026-04-15T14:28:52.579Z] VITE v7.1.9  ready in 279 ms
[2026-04-15T14:28:52.580Z] 
[2026-04-15T14:28:52.580Z] ➜  Local:   http://localhost:3000/
[2026-04-15T14:28:52.581Z] ➜  Network: http://169.254.0.21:3000/
[2026-04-15T14:28:53.024Z] [baseline-browser-mapping] The data in this module is over two months old.  To ensure accurate Baseline data, please update: `npm i baseline-browser-mapping@latest -D`
[2026-04-15T14:28:54.163Z] [vite:css][postcss] @import must precede all other statements (besides @charset or empty @layer)
[2026-04-15T14:28:54.164Z] 5736 |    initial-value: 0;
[2026-04-15T14:28:54.164Z] 5737 |  }
[2026-04-15T14:28:54.165Z] 5738 |  @import url('https://fonts.googleapis.com/css2?family=Lora:wght@400;500;600;700&family=Inter:wght@400;500;600;700&dis...
[2026-04-15T14:28:54.165Z] |  ^^^^^^^^^^^^^^^^^^^^^^^^^^^^^^^^^^^^^^^^^^^^^^^^^^^^^^^^^^^^^^^^^^^^^^^^^^^^^^^^^^^^^^^^^^^^^^^^^^^^^^^^^^^^^^^^^^^^^^^^
[2026-04-15T14:28:54.166Z] 5739 |  :root {
[2026-04-15T14:28:54.166Z] 5740 |    --primary: #1a2847;
[2026-04-15T14:29:33.495Z] 10:29:33 AM [vite] (client) hmr update /src/index.css
[2026-04-15T14:29:33.586Z] [vite:css][postcss] @import must precede all other statements (besides @charset or empty @layer)
[2026-04-15T14:29:33.587Z] 5736 |    initial-value: 0;
[2026-04-15T14:29:33.587Z] 5737 |  }
[2026-04-15T14:29:33.587Z] 5738 |  @import url('https://fonts.googleapis.com/css2?family=Lora:wght@400;500;600;700&family=Inter:wght@400;500;600;700&dis...
[2026-04-15T14:29:33.587Z] |  ^^^^^^^^^^^^^^^^^^^^^^^^^^^^^^^^^^^^^^^^^^^^^^^^^^^^^^^^^^^^^^^^^^^^^^^^^^^^^^^^^^^^^^^^^^^^^^^^^^^^^^^^^^^^^^^^^^^^^^^^
[2026-04-15T14:29:33.588Z] 5739 |  :root {
[2026-04-15T14:29:33.588Z] 5740 |    --primary: #1a2847;
[2026-04-15T14:40:23.620Z] 10:40:23 AM [vite] (client) hmr update /src/pages/Blog.tsx, /src/index.css
[2026-04-15T14:40:23.730Z] [vite:css][postcss] @import must precede all other statements (besides @charset or empty @layer)
[2026-04-15T14:40:23.730Z] 5754 |    initial-value: 0;
[2026-04-15T14:40:23.731Z] 5755 |  }
[2026-04-15T14:40:23.731Z] 5756 |  @import url('https://fonts.googleapis.com/css2?family=Lora:wght@400;500;600;700&family=Inter:wght@400;500;600;700&dis...
[2026-04-15T14:40:23.731Z] |  ^^^^^^^^^^^^^^^^^^^^^^^^^^^^^^^^^^^^^^^^^^^^^^^^^^^^^^^^^^^^^^^^^^^^^^^^^^^^^^^^^^^^^^^^^^^^^^^^^^^^^^^^^^^^^^^^^^^^^^^^
[2026-04-15T14:40:23.731Z] 5757 |  :root {
[2026-04-15T14:40:23.731Z] 5758 |    --primary: #1a2847;
[2026-04-15T14:40:47.362Z] 10:40:47 AM [vite] (client) hmr update /src/App.tsx, /src/index.css
[2026-04-15T14:40:47.469Z] [vite:css][postcss] @import must precede all other statements (besides @charset or empty @layer)
[2026-04-15T14:40:47.469Z] 5754 |    initial-value: 0;
[2026-04-15T14:40:47.470Z] 5755 |  }
[2026-04-15T14:40:47.470Z] 5756 |  @import url('https://fonts.googleapis.com/css2?family=Lora:wght@400;500;600;700&family=Inter:wght@400;500;600;700&dis...
[2026-04-15T14:40:47.471Z] |  ^^^^^^^^^^^^^^^^^^^^^^^^^^^^^^^^^^^^^^^^^^^^^^^^^^^^^^^^^^^^^^^^^^^^^^^^^^^^^^^^^^^^^^^^^^^^^^^^^^^^^^^^^^^^^^^^^^^^^^^^
[2026-04-15T14:40:47.471Z] 5757 |  :root {
[2026-04-15T14:40:47.471Z] 5758 |    --primary: #1a2847;
[2026-04-15T14:41:10.421Z] Dev server process group stopped
[2026-04-15T14:41:10.423Z] ELIFECYCLE  Command failed.
[2026-04-15T14:41:10.433Z] Dev server exited with code -15
[2026-04-15T14:41:13.449Z] Starting dev server with command: pnpm run dev
[2026-04-15T14:41:14.029Z] 
[2026-04-15T14:41:14.030Z] > wilker-tezoto-advogado@1.0.0 dev /home/ubuntu/wilker-tezoto-advogado
[2026-04-15T14:41:14.030Z] > vite --host
[2026-04-15T14:41:14.031Z] 
[2026-04-15T14:41:14.336Z] 
[2026-04-15T14:41:14.337Z] VITE v7.1.9  ready in 272 ms
[2026-04-15T14:41:14.337Z] 
[2026-04-15T14:41:14.338Z] ➜  Local:   http://localhost:3000/
[2026-04-15T14:41:14.338Z] ➜  Network: http://169.254.0.21:3000/
[2026-04-15T14:41:14.840Z] [baseline-browser-mapping] The data in this module is over two months old.  To ensure accurate Baseline data, please update: `npm i baseline-browser-mapping@latest -D`
[2026-04-15T14:41:15.862Z] [vite:css][postcss] @import must precede all other statements (besides @charset or empty @layer)
[2026-04-15T14:41:15.863Z] 5754 |    initial-value: 0;
[2026-04-15T14:41:15.863Z] 5755 |  }
[2026-04-15T14:41:15.863Z] 5756 |  @import url('https://fonts.googleapis.com/css2?family=Lora:wght@400;500;600;700&family=Inter:wght@400;500;600;700&dis...
[2026-04-15T14:41:15.863Z] |  ^^^^^^^^^^^^^^^^^^^^^^^^^^^^^^^^^^^^^^^^^^^^^^^^^^^^^^^^^^^^^^^^^^^^^^^^^^^^^^^^^^^^^^^^^^^^^^^^^^^^^^^^^^^^^^^^^^^^^^^^
[2026-04-15T14:41:15.863Z] 5757 |  :root {
[2026-04-15T14:41:15.864Z] 5758 |    --primary: #1a2847;
[2026-04-15T14:42:13.325Z] 10:42:13 AM [vite] (client) hmr update /src/index.css
[2026-04-15T14:42:13.410Z] [vite:css][postcss] @import must precede all other statements (besides @charset or empty @layer)
[2026-04-15T14:42:13.410Z] 5754 |    initial-value: 0;
[2026-04-15T14:42:13.410Z] 5755 |  }
[2026-04-15T14:42:13.411Z] 5756 |  @import url('https://fonts.googleapis.com/css2?family=Lora:wght@400;500;600;700&family=Inter:wght@400;500;600;700&dis...
[2026-04-15T14:42:13.411Z] |  ^^^^^^^^^^^^^^^^^^^^^^^^^^^^^^^^^^^^^^^^^^^^^^^^^^^^^^^^^^^^^^^^^^^^^^^^^^^^^^^^^^^^^^^^^^^^^^^^^^^^^^^^^^^^^^^^^^^^^^^^
[2026-04-15T14:42:13.411Z] 5757 |  :root {
[2026-04-15T14:42:13.411Z] 5758 |    --primary: #1a2847;
[2026-04-15T15:09:08.348Z] 11:09:08 AM [vite] (client) hmr update /src/components/articles/GuardaCompartilhadaArticle.tsx, /src/index.css
[2026-04-15T15:09:08.487Z] [vite:css][postcss] @import must precede all other statements (besides @charset or empty @layer)
[2026-04-15T15:09:08.488Z] 5754 |    initial-value: 0;
[2026-04-15T15:09:08.488Z] 5755 |  }
[2026-04-15T15:09:08.488Z] 5756 |  @import url('https://fonts.googleapis.com/css2?family=Lora:wght@400;500;600;700&family=Inter:wght@400;500;600;700&dis...
[2026-04-15T15:09:08.488Z] |  ^^^^^^^^^^^^^^^^^^^^^^^^^^^^^^^^^^^^^^^^^^^^^^^^^^^^^^^^^^^^^^^^^^^^^^^^^^^^^^^^^^^^^^^^^^^^^^^^^^^^^^^^^^^^^^^^^^^^^^^^
[2026-04-15T15:09:08.489Z] 5757 |  :root {
[2026-04-15T15:09:08.489Z] 5758 |    --primary: #1a2847;
[2026-04-15T15:09:13.027Z] Dev server process group stopped
[2026-04-15T15:09:13.030Z] ELIFECYCLE  Command failed.
[2026-04-15T15:09:13.044Z] Dev server exited with code -15
[2026-04-15T15:09:16.055Z] Starting dev server with command: pnpm run dev
[2026-04-15T15:09:16.658Z] 
[2026-04-15T15:09:16.659Z] > wilker-tezoto-advogado@1.0.0 dev /home/ubuntu/wilker-tezoto-advogado
[2026-04-15T15:09:16.659Z] > vite --host
[2026-04-15T15:09:16.659Z] 
[2026-04-15T15:09:16.997Z] 
[2026-04-15T15:09:16.998Z] VITE v7.1.9  ready in 300 ms
[2026-04-15T15:09:16.999Z] 
[2026-04-15T15:09:17.000Z] ➜  Local:   http://localhost:3000/
[2026-04-15T15:09:17.000Z] ➜  Network: http://169.254.0.21:3000/
[2026-04-15T15:09:17.427Z] [baseline-browser-mapping] The data in this module is over two months old.  To ensure accurate Baseline data, please update: `npm i baseline-browser-mapping@latest -D`
[2026-04-15T15:09:18.514Z] [vite:css][postcss] @import must precede all other statements (besides @charset or empty @layer)
[2026-04-15T15:09:18.515Z] 5754 |    initial-value: 0;
[2026-04-15T15:09:18.515Z] 5755 |  }
[2026-04-15T15:09:18.515Z] 5756 |  @import url('https://fonts.googleapis.com/css2?family=Lora:wght@400;500;600;700&family=Inter:wght@400;500;600;700&dis...
[2026-04-15T15:09:18.515Z] |  ^^^^^^^^^^^^^^^^^^^^^^^^^^^^^^^^^^^^^^^^^^^^^^^^^^^^^^^^^^^^^^^^^^^^^^^^^^^^^^^^^^^^^^^^^^^^^^^^^^^^^^^^^^^^^^^^^^^^^^^^
[2026-04-15T15:09:18.515Z] 5757 |  :root {
[2026-04-15T15:09:18.515Z] 5758 |    --primary: #1a2847;
[2026-04-15T15:09:51.410Z] 11:09:51 AM [vite] (client) hmr update /src/index.css
[2026-04-15T15:09:51.501Z] [vite:css][postcss] @import must precede all other statements (besides @charset or empty @layer)
[2026-04-15T15:09:51.502Z] 5754 |    initial-value: 0;
[2026-04-15T15:09:51.504Z] 5755 |  }
[2026-04-15T15:09:51.504Z] 5756 |  @import url('https://fonts.googleapis.com/css2?family=Lora:wght@400;500;600;700&family=Inter:wght@400;500;600;700&dis...
[2026-04-15T15:09:51.505Z] |  ^^^^^^^^^^^^^^^^^^^^^^^^^^^^^^^^^^^^^^^^^^^^^^^^^^^^^^^^^^^^^^^^^^^^^^^^^^^^^^^^^^^^^^^^^^^^^^^^^^^^^^^^^^^^^^^^^^^^^^^^
[2026-04-15T15:09:51.505Z] 5757 |  :root {
[2026-04-15T15:09:51.506Z] 5758 |    --primary: #1a2847;
[2026-04-15T15:13:03.511Z] 11:13:03 AM [vite] (client) hmr update /src/components/articles/ContratoNaoCumpridoArticle.tsx, /src/index.css
[2026-04-15T15:13:03.616Z] [vite:css][postcss] @import must precede all other statements (besides @charset or empty @layer)
[2026-04-15T15:13:03.616Z] 5759 |    initial-value: 0;
[2026-04-15T15:13:03.617Z] 5760 |  }
[2026-04-15T15:13:03.617Z] 5761 |  @import url('https://fonts.googleapis.com/css2?family=Lora:wght@400;500;600;700&family=Inter:wght@400;500;600;700&dis...
[2026-04-15T15:13:03.617Z] |  ^^^^^^^^^^^^^^^^^^^^^^^^^^^^^^^^^^^^^^^^^^^^^^^^^^^^^^^^^^^^^^^^^^^^^^^^^^^^^^^^^^^^^^^^^^^^^^^^^^^^^^^^^^^^^^^^^^^^^^^^
[2026-04-15T15:13:03.617Z] 5762 |  :root {
[2026-04-15T15:13:03.618Z] 5763 |    --primary: #1a2847;
[2026-04-15T15:13:03.631Z] 11:13:03 AM [vite] Internal server error: /home/ubuntu/wilker-tezoto-advogado/client/src/components/articles/ContratoNaoCumpridoArticle.tsx: Unexpected token (29:12)
[2026-04-15T15:13:03.632Z] 
[2026-04-15T15:13:03.632Z] 27 |               url="https://wilkertezoto.manus.space/blog/contrato-nao-cumprido"
[2026-04-15T15:13:03.633Z] 28 |               position="top"
[2026-04-15T15:13:03.633Z] > 29 |             </Button>
[2026-04-15T15:13:03.633Z] |             ^
[2026-04-15T15:13:03.633Z] 30 |             <Button
[2026-04-15T15:13:03.633Z] 31 |               onClick={handleInstagramShare}
[2026-04-15T15:13:03.634Z] 32 |               variant="outline"
[2026-04-15T15:13:03.634Z] Plugin: vite:react-babel
[2026-04-15T15:13:03.634Z] File: /home/ubuntu/wilker-tezoto-advogado/client/src/components/articles/ContratoNaoCumpridoArticle.tsx:29:12
[2026-04-15T15:13:03.634Z] 27 |                url="https://wilkertezoto.manus.space/blog/contrato-nao-cumprido"
[2026-04-15T15:13:03.634Z] 28 |                position="top"
[2026-04-15T15:13:03.635Z] 29 |              </Button>
[2026-04-15T15:13:03.635Z] |              ^
[2026-04-15T15:13:03.635Z] 30 |              <Button
[2026-04-15T15:13:03.635Z] 31 |                onClick={handleInstagramShare}
[2026-04-15T15:13:03.635Z] at constructor (/home/ubuntu/wilker-tezoto-advogado/node_modules/.pnpm/@babel+parser@7.28.4/node_modules/@babel/parser/lib/index.js:367:19)
[2026-04-15T15:13:03.635Z] at TypeScriptParserMixin.raise (/home/ubuntu/wilker-tezoto-advogado/node_modules/.pnpm/@babel+parser@7.28.4/node_modules/@babel/parser/lib/index.js:6630:19)
[2026-04-15T15:13:03.636Z] at TypeScriptParserMixin.unexpected (/home/ubuntu/wilker-tezoto-advogado/node_modules/.pnpm/@babel+parser@7.28.4/node_modules/@babel/parser/lib/index.js:6650:16)
[2026-04-15T15:13:03.636Z] at TypeScriptParserMixin.jsxParseIdentifier (/home/ubuntu/wilker-tezoto-advogado/node_modules/.pnpm/@babel+parser@7.28.4/node_modules/@babel/parser/lib/index.js:4602:12)
[2026-04-15T15:13:03.637Z] at TypeScriptParserMixin.jsxParseNamespacedName (/home/ubuntu/wilker-tezoto-advogado/node_modules/.pnpm/@babel+parser@7.28.4/node_modules/@babel/parser/lib/index.js:4609:23)
[2026-04-15T15:13:03.637Z] at TypeScriptParserMixin.jsxParseAttribute (/home/ubuntu/wilker-tezoto-advogado/node_modules/.pnpm/@babel+parser@7.28.4/node_modules/@babel/parser/lib/index.js:4685:22)
[2026-04-15T15:13:03.637Z] at TypeScriptParserMixin.jsxParseOpeningElementAfterName (/home/ubuntu/wilker-tezoto-advogado/node_modules/.pnpm/@babel+parser@7.28.4/node_modules/@babel/parser/lib/index.js:4700:28)
[2026-04-15T15:13:03.638Z] at TypeScriptParserMixin.jsxParseOpeningElementAfterName (/home/ubuntu/wilker-tezoto-advogado/node_modules/.pnpm/@babel+parser@7.28.4/node_modules/@babel/parser/lib/index.js:10067:18)
[2026-04-15T15:13:03.640Z] at TypeScriptParserMixin.jsxParseOpeningElementAt (/home/ubuntu/wilker-tezoto-advogado/node_modules/.pnpm/@babel+parser@7.28.4/node_modules/@babel/parser/lib/index.js:4695:17)
[2026-04-15T15:13:03.640Z] at TypeScriptParserMixin.jsxParseElementAt (/home/ubuntu/wilker-tezoto-advogado/node_modules/.pnpm/@babel+parser@7.28.4/node_modules/@babel/parser/lib/index.js:4719:33)
[2026-04-15T15:13:03.640Z] at TypeScriptParserMixin.jsxParseElementAt (/home/ubuntu/wilker-tezoto-advogado/node_modules/.pnpm/@babel+parser@7.28.4/node_modules/@babel/parser/lib/index.js:4731:32)
[2026-04-15T15:13:03.641Z] at TypeScriptParserMixin.jsxParseElementAt (/home/ubuntu/wilker-tezoto-advogado/node_modules/.pnpm/@babel+parser@7.28.4/node_modules/@babel/parser/lib/index.js:4731:32)
[2026-04-15T15:13:03.641Z] at TypeScriptParserMixin.jsxParseElementAt (/home/ubuntu/wilker-tezoto-advogado/node_modules/.pnpm/@babel+parser@7.28.4/node_modules/@babel/parser/lib/index.js:4731:32)
[2026-04-15T15:13:03.641Z] at TypeScriptParserMixin.jsxParseElementAt (/home/ubuntu/wilker-tezoto-advogado/node_modules/.pnpm/@babel+parser@7.28.4/node_modules/@babel/parser/lib/index.js:4731:32)
[2026-04-15T15:13:03.642Z] at TypeScriptParserMixin.jsxParseElement (/home/ubuntu/wilker-tezoto-advogado/node_modules/.pnpm/@babel+parser@7.28.4/node_modules/@babel/parser/lib/index.js:4782:17)
[2026-04-15T15:13:03.642Z] at TypeScriptParserMixin.parseExprAtom (/home/ubuntu/wilker-tezoto-advogado/node_modules/.pnpm/@babel+parser@7.28.4/node_modules/@babel/parser/lib/index.js:4792:19)
[2026-04-15T15:13:03.643Z] at TypeScriptParserMixin.parseExprSubscripts (/home/ubuntu/wilker-tezoto-advogado/node_modules/.pnpm/@babel+parser@7.28.4/node_modules/@babel/parser/lib/index.js:11085:23)
[2026-04-15T15:13:03.644Z] at TypeScriptParserMixin.parseUpdate (/home/ubuntu/wilker-tezoto-advogado/node_modules/.pnpm/@babel+parser@7.28.4/node_modules/@babel/parser/lib/index.js:11070:21)
[2026-04-15T15:13:03.644Z] at TypeScriptParserMixin.parseMaybeUnary (/home/ubuntu/wilker-tezoto-advogado/node_modules/.pnpm/@babel+parser@7.28.4/node_modules/@babel/parser/lib/index.js:11050:23)
[2026-04-15T15:13:03.645Z] at TypeScriptParserMixin.parseMaybeUnary (/home/ubuntu/wilker-tezoto-advogado/node_modules/.pnpm/@babel+parser@7.28.4/node_modules/@babel/parser/lib/index.js:9857:18)
[2026-04-15T15:13:03.645Z] at TypeScriptParserMixin.parseMaybeUnaryOrPrivate (/home/ubuntu/wilker-tezoto-advogado/node_modules/.pnpm/@babel+parser@7.28.4/node_modules/@babel/parser/lib/index.js:10903:61)
[2026-04-15T15:13:03.646Z] at TypeScriptParserMixin.parseExprOps (/home/ubuntu/wilker-tezoto-advogado/node_modules/.pnpm/@babel+parser@7.28.4/node_modules/@babel/parser/lib/index.js:10908:23)
[2026-04-15T15:13:03.646Z] at TypeScriptParserMixin.parseMaybeConditional (/home/ubuntu/wilker-tezoto-advogado/node_modules/.pnpm/@babel+parser@7.28.4/node_modules/@babel/parser/lib/index.js:10885:23)
[2026-04-15T15:13:03.647Z] at TypeScriptParserMixin.parseMaybeAssign (/home/ubuntu/wilker-tezoto-advogado/node_modules/.pnpm/@babel+parser@7.28.4/node_modules/@babel/parser/lib/index.js:10835:21)
[2026-04-15T15:13:03.647Z] at /home/ubuntu/wilker-tezoto-advogado/node_modules/.pnpm/@babel+parser@7.28.4/node_modules/@babel/parser/lib/index.js:9795:39
[2026-04-15T15:13:03.647Z] at TypeScriptParserMixin.tryParse (/home/ubuntu/wilker-tezoto-advogado/node_modules/.pnpm/@babel+parser@7.28.4/node_modules/@babel/parser/lib/index.js:6938:20)
[2026-04-15T15:13:03.648Z] at TypeScriptParserMixin.parseMaybeAssign (/home/ubuntu/wilker-tezoto-advogado/node_modules/.pnpm/@babel+parser@7.28.4/node_modules/@babel/parser/lib/index.js:9795:18)
[2026-04-15T15:13:03.648Z] at /home/ubuntu/wilker-tezoto-advogado/node_modules/.pnpm/@babel+parser@7.28.4/node_modules/@babel/parser/lib/index.js:10804:39
[2026-04-15T15:13:03.648Z] at TypeScriptParserMixin.allowInAnd (/home/ubuntu/wilker-tezoto-advogado/node_modules/.pnpm/@babel+parser@7.28.4/node_modules/@babel/parser/lib/index.js:12436:12)
[2026-04-15T15:13:03.648Z] at TypeScriptParserMixin.parseMaybeAssignAllowIn (/home/ubuntu/wilker-tezoto-advogado/node_modules/.pnpm/@babel+parser@7.28.4/node_modules/@babel/parser/lib/index.js:10804:17)
[2026-04-15T15:13:03.649Z] at TypeScriptParserMixin.parseMaybeAssignAllowInOrVoidPattern (/home/ubuntu/wilker-tezoto-advogado/node_modules/.pnpm/@babel+parser@7.28.4/node_modules/@babel/parser/lib/index.js:12503:17)
[2026-04-15T15:13:03.649Z] at TypeScriptParserMixin.parseParenAndDistinguishExpression (/home/ubuntu/wilker-tezoto-advogado/node_modules/.pnpm/@babel+parser@7.28.4/node_modules/@babel/parser/lib/index.js:11683:28)
[2026-04-15T15:13:03.649Z] at TypeScriptParserMixin.parseExprAtom (/home/ubuntu/wilker-tezoto-advogado/node_modules/.pnpm/@babel+parser@7.28.4/node_modules/@babel/parser/lib/index.js:11335:23)
[2026-04-15T15:13:03.649Z] at TypeScriptParserMixin.parseExprAtom (/home/ubuntu/wilker-tezoto-advogado/node_modules/.pnpm/@babel+parser@7.28.4/node_modules/@babel/parser/lib/index.js:4797:20)
[2026-04-15T15:13:03.650Z] at TypeScriptParserMixin.parseExprSubscripts (/home/ubuntu/wilker-tezoto-advogado/node_modules/.pnpm/@babel+parser@7.28.4/node_modules/@babel/parser/lib/index.js:11085:23)
[2026-04-15T15:13:03.650Z] at TypeScriptParserMixin.parseUpdate (/home/ubuntu/wilker-tezoto-advogado/node_modules/.pnpm/@babel+parser@7.28.4/node_modules/@babel/parser/lib/index.js:11070:21)
[2026-04-15T15:13:03.650Z] at TypeScriptParserMixin.parseMaybeUnary (/home/ubuntu/wilker-tezoto-advogado/node_modules/.pnpm/@babel+parser@7.28.4/node_modules/@babel/parser/lib/index.js:11050:23)
[2026-04-15T15:13:03.650Z] at TypeScriptParserMixin.parseMaybeUnary (/home/ubuntu/wilker-tezoto-advogado/node_modules/.pnpm/@babel+parser@7.28.4/node_modules/@babel/parser/lib/index.js:9857:18)
[2026-04-15T15:13:03.651Z] at TypeScriptParserMixin.parseMaybeUnaryOrPrivate (/home/ubuntu/wilker-tezoto-advogado/node_modules/.pnpm/@babel+parser@7.28.4/node_modules/@babel/parser/lib/index.js:10903:61)
[2026-04-15T15:13:03.651Z] at TypeScriptParserMixin.parseExprOps (/home/ubuntu/wilker-tezoto-advogado/node_modules/.pnpm/@babel+parser@7.28.4/node_modules/@babel/parser/lib/index.js:10908:23)
[2026-04-15T15:13:03.651Z] at TypeScriptParserMixin.parseMaybeConditional (/home/ubuntu/wilker-tezoto-advogado/node_modules/.pnpm/@babel+parser@7.28.4/node_modules/@babel/parser/lib/index.js:10885:23)
[2026-04-15T15:13:03.651Z] at TypeScriptParserMixin.parseMaybeAssign (/home/ubuntu/wilker-tezoto-advogado/node_modules/.pnpm/@babel+parser@7.28.4/node_modules/@babel/parser/lib/index.js:10835:21)
[2026-04-15T15:13:03.651Z] at TypeScriptParserMixin.parseMaybeAssign (/home/ubuntu/wilker-tezoto-advogado/node_modules/.pnpm/@babel+parser@7.28.4/node_modules/@babel/parser/lib/index.js:9806:20)
[2026-04-15T15:13:03.652Z] at TypeScriptParserMixin.parseExpressionBase (/home/ubuntu/wilker-tezoto-advogado/node_modules/.pnpm/@babel+parser@7.28.4/node_modules/@babel/parser/lib/index.js:10788:23)
[2026-04-15T15:13:03.652Z] at /home/ubuntu/wilker-tezoto-advogado/node_modules/.pnpm/@babel+parser@7.28.4/node_modules/@babel/parser/lib/index.js:10784:39
[2026-04-15T15:13:03.652Z] at TypeScriptParserMixin.allowInAnd (/home/ubuntu/wilker-tezoto-advogado/node_modules/.pnpm/@babel+parser@7.28.4/node_modules/@babel/parser/lib/index.js:12431:16)
[2026-04-15T15:13:03.652Z] at TypeScriptParserMixin.parseExpression (/home/ubuntu/wilker-tezoto-advogado/node_modules/.pnpm/@babel+parser@7.28.4/node_modules/@babel/parser/lib/index.js:10784:17)
[2026-04-15T15:13:03.653Z] at TypeScriptParserMixin.parseReturnStatement (/home/ubuntu/wilker-tezoto-advogado/node_modules/.pnpm/@babel+parser@7.28.4/node_modules/@babel/parser/lib/index.js:13151:28)
[2026-04-15T15:13:03.653Z] at TypeScriptParserMixin.parseStatementContent (/home/ubuntu/wilker-tezoto-advogado/node_modules/.pnpm/@babel+parser@7.28.4/node_modules/@babel/parser/lib/index.js:12807:21)
[2026-04-15T15:13:03.653Z] at TypeScriptParserMixin.parseStatementContent (/home/ubuntu/wilker-tezoto-advogado/node_modules/.pnpm/@babel+parser@7.28.4/node_modules/@babel/parser/lib/index.js:9532:18)
[2026-04-15T15:13:03.706Z] 11:13:03 AM [vite] Internal server error: /home/ubuntu/wilker-tezoto-advogado/client/src/components/articles/ContratoNaoCumpridoArticle.tsx: Unexpected token (29:12)
[2026-04-15T15:13:03.707Z] 
[2026-04-15T15:13:03.707Z] 27 |               url="https://wilkertezoto.manus.space/blog/contrato-nao-cumprido"
[2026-04-15T15:13:03.707Z] 28 |               position="top"
[2026-04-15T15:13:03.708Z] > 29 |             </Button>
[2026-04-15T15:13:03.708Z] |             ^
[2026-04-15T15:13:03.709Z] 30 |             <Button
[2026-04-15T15:13:03.709Z] 31 |               onClick={handleInstagramShare}
[2026-04-15T15:13:03.709Z] 32 |               variant="outline"
[2026-04-15T15:13:03.710Z] Plugin: vite:react-babel
[2026-04-15T15:13:03.710Z] File: /home/ubuntu/wilker-tezoto-advogado/client/src/components/articles/ContratoNaoCumpridoArticle.tsx:29:12
[2026-04-15T15:13:03.710Z] 27 |                url="https://wilkertezoto.manus.space/blog/contrato-nao-cumprido"
[2026-04-15T15:13:03.711Z] 28 |                position="top"
[2026-04-15T15:13:03.711Z] 29 |              </Button>
[2026-04-15T15:13:03.711Z] |              ^
[2026-04-15T15:13:03.712Z] 30 |              <Button
[2026-04-15T15:13:03.712Z] 31 |                onClick={handleInstagramShare}
[2026-04-15T15:13:03.712Z] at constructor (/home/ubuntu/wilker-tezoto-advogado/node_modules/.pnpm/@babel+parser@7.28.4/node_modules/@babel/parser/lib/index.js:367:19)
[2026-04-15T15:13:03.713Z] at TypeScriptParserMixin.raise (/home/ubuntu/wilker-tezoto-advogado/node_modules/.pnpm/@babel+parser@7.28.4/node_modules/@babel/parser/lib/index.js:6630:19)
[2026-04-15T15:13:03.713Z] at TypeScriptParserMixin.unexpected (/home/ubuntu/wilker-tezoto-advogado/node_modules/.pnpm/@babel+parser@7.28.4/node_modules/@babel/parser/lib/index.js:6650:16)
[2026-04-15T15:13:03.713Z] at TypeScriptParserMixin.jsxParseIdentifier (/home/ubuntu/wilker-tezoto-advogado/node_modules/.pnpm/@babel+parser@7.28.4/node_modules/@babel/parser/lib/index.js:4602:12)
[2026-04-15T15:13:03.714Z] at TypeScriptParserMixin.jsxParseNamespacedName (/home/ubuntu/wilker-tezoto-advogado/node_modules/.pnpm/@babel+parser@7.28.4/node_modules/@babel/parser/lib/index.js:4609:23)
[2026-04-15T15:13:03.714Z] at TypeScriptParserMixin.jsxParseAttribute (/home/ubuntu/wilker-tezoto-advogado/node_modules/.pnpm/@babel+parser@7.28.4/node_modules/@babel/parser/lib/index.js:4685:22)
[2026-04-15T15:13:03.714Z] at TypeScriptParserMixin.jsxParseOpeningElementAfterName (/home/ubuntu/wilker-tezoto-advogado/node_modules/.pnpm/@babel+parser@7.28.4/node_modules/@babel/parser/lib/index.js:4700:28)
[2026-04-15T15:13:03.714Z] at TypeScriptParserMixin.jsxParseOpeningElementAfterName (/home/ubuntu/wilker-tezoto-advogado/node_modules/.pnpm/@babel+parser@7.28.4/node_modules/@babel/parser/lib/index.js:10067:18)
[2026-04-15T15:13:03.715Z] at TypeScriptParserMixin.jsxParseOpeningElementAt (/home/ubuntu/wilker-tezoto-advogado/node_modules/.pnpm/@babel+parser@7.28.4/node_modules/@babel/parser/lib/index.js:4695:17)
[2026-04-15T15:13:03.715Z] at TypeScriptParserMixin.jsxParseElementAt (/home/ubuntu/wilker-tezoto-advogado/node_modules/.pnpm/@babel+parser@7.28.4/node_modules/@babel/parser/lib/index.js:4719:33)
[2026-04-15T15:13:03.715Z] at TypeScriptParserMixin.jsxParseElementAt (/home/ubuntu/wilker-tezoto-advogado/node_modules/.pnpm/@babel+parser@7.28.4/node_modules/@babel/parser/lib/index.js:4731:32)
[2026-04-15T15:13:03.716Z] at TypeScriptParserMixin.jsxParseElementAt (/home/ubuntu/wilker-tezoto-advogado/node_modules/.pnpm/@babel+parser@7.28.4/node_modules/@babel/parser/lib/index.js:4731:32)
[2026-04-15T15:13:03.716Z] at TypeScriptParserMixin.jsxParseElementAt (/home/ubuntu/wilker-tezoto-advogado/node_modules/.pnpm/@babel+parser@7.28.4/node_modules/@babel/parser/lib/index.js:4731:32)
[2026-04-15T15:13:03.716Z] at TypeScriptParserMixin.jsxParseElementAt (/home/ubuntu/wilker-tezoto-advogado/node_modules/.pnpm/@babel+parser@7.28.4/node_modules/@babel/parser/lib/index.js:4731:32)
[2026-04-15T15:13:03.717Z] at TypeScriptParserMixin.jsxParseElement (/home/ubuntu/wilker-tezoto-advogado/node_modules/.pnpm/@babel+parser@7.28.4/node_modules/@babel/parser/lib/index.js:4782:17)
[2026-04-15T15:13:03.717Z] at TypeScriptParserMixin.parseExprAtom (/home/ubuntu/wilker-tezoto-advogado/node_modules/.pnpm/@babel+parser@7.28.4/node_modules/@babel/parser/lib/index.js:4792:19)
[2026-04-15T15:13:03.717Z] at TypeScriptParserMixin.parseExprSubscripts (/home/ubuntu/wilker-tezoto-advogado/node_modules/.pnpm/@babel+parser@7.28.4/node_modules/@babel/parser/lib/index.js:11085:23)
[2026-04-15T15:13:03.718Z] at TypeScriptParserMixin.parseUpdate (/home/ubuntu/wilker-tezoto-advogado/node_modules/.pnpm/@babel+parser@7.28.4/node_modules/@babel/parser/lib/index.js:11070:21)
[2026-04-15T15:13:03.718Z] at TypeScriptParserMixin.parseMaybeUnary (/home/ubuntu/wilker-tezoto-advogado/node_modules/.pnpm/@babel+parser@7.28.4/node_modules/@babel/parser/lib/index.js:11050:23)
[2026-04-15T15:13:03.718Z] at TypeScriptParserMixin.parseMaybeUnary (/home/ubuntu/wilker-tezoto-advogado/node_modules/.pnpm/@babel+parser@7.28.4/node_modules/@babel/parser/lib/index.js:9857:18)
[2026-04-15T15:13:03.719Z] at TypeScriptParserMixin.parseMaybeUnaryOrPrivate (/home/ubuntu/wilker-tezoto-advogado/node_modules/.pnpm/@babel+parser@7.28.4/node_modules/@babel/parser/lib/index.js:10903:61)
[2026-04-15T15:13:03.719Z] at TypeScriptParserMixin.parseExprOps (/home/ubuntu/wilker-tezoto-advogado/node_modules/.pnpm/@babel+parser@7.28.4/node_modules/@babel/parser/lib/index.js:10908:23)
[2026-04-15T15:13:03.719Z] at TypeScriptParserMixin.parseMaybeConditional (/home/ubuntu/wilker-tezoto-advogado/node_modules/.pnpm/@babel+parser@7.28.4/node_modules/@babel/parser/lib/index.js:10885:23)
[2026-04-15T15:13:03.719Z] at TypeScriptParserMixin.parseMaybeAssign (/home/ubuntu/wilker-tezoto-advogado/node_modules/.pnpm/@babel+parser@7.28.4/node_modules/@babel/parser/lib/index.js:10835:21)
[2026-04-15T15:13:03.720Z] at /home/ubuntu/wilker-tezoto-advogado/node_modules/.pnpm/@babel+parser@7.28.4/node_modules/@babel/parser/lib/index.js:9795:39
[2026-04-15T15:13:03.720Z] at TypeScriptParserMixin.tryParse (/home/ubuntu/wilker-tezoto-advogado/node_modules/.pnpm/@babel+parser@7.28.4/node_modules/@babel/parser/lib/index.js:6938:20)
[2026-04-15T15:13:03.720Z] at TypeScriptParserMixin.parseMaybeAssign (/home/ubuntu/wilker-tezoto-advogado/node_modules/.pnpm/@babel+parser@7.28.4/node_modules/@babel/parser/lib/index.js:9795:18)
[2026-04-15T15:13:03.720Z] at /home/ubuntu/wilker-tezoto-advogado/node_modules/.pnpm/@babel+parser@7.28.4/node_modules/@babel/parser/lib/index.js:10804:39
[2026-04-15T15:13:03.720Z] at TypeScriptParserMixin.allowInAnd (/home/ubuntu/wilker-tezoto-advogado/node_modules/.pnpm/@babel+parser@7.28.4/node_modules/@babel/parser/lib/index.js:12436:12)
[2026-04-15T15:13:03.721Z] at TypeScriptParserMixin.parseMaybeAssignAllowIn (/home/ubuntu/wilker-tezoto-advogado/node_modules/.pnpm/@babel+parser@7.28.4/node_modules/@babel/parser/lib/index.js:10804:17)
[2026-04-15T15:13:03.721Z] at TypeScriptParserMixin.parseMaybeAssignAllowInOrVoidPattern (/home/ubuntu/wilker-tezoto-advogado/node_modules/.pnpm/@babel+parser@7.28.4/node_modules/@babel/parser/lib/index.js:12503:17)
[2026-04-15T15:13:03.721Z] at TypeScriptParserMixin.parseParenAndDistinguishExpression (/home/ubuntu/wilker-tezoto-advogado/node_modules/.pnpm/@babel+parser@7.28.4/node_modules/@babel/parser/lib/index.js:11683:28)
[2026-04-15T15:13:03.723Z] at TypeScriptParserMixin.parseExprAtom (/home/ubuntu/wilker-tezoto-advogado/node_modules/.pnpm/@babel+parser@7.28.4/node_modules/@babel/parser/lib/index.js:11335:23)
[2026-04-15T15:13:03.723Z] at TypeScriptParserMixin.parseExprAtom (/home/ubuntu/wilker-tezoto-advogado/node_modules/.pnpm/@babel+parser@7.28.4/node_modules/@babel/parser/lib/index.js:4797:20)
[2026-04-15T15:13:03.723Z] at TypeScriptParserMixin.parseExprSubscripts (/home/ubuntu/wilker-tezoto-advogado/node_modules/.pnpm/@babel+parser@7.28.4/node_modules/@babel/parser/lib/index.js:11085:23)
[2026-04-15T15:13:03.724Z] at TypeScriptParserMixin.parseUpdate (/home/ubuntu/wilker-tezoto-advogado/node_modules/.pnpm/@babel+parser@7.28.4/node_modules/@babel/parser/lib/index.js:11070:21)
[2026-04-15T15:13:03.724Z] at TypeScriptParserMixin.parseMaybeUnary (/home/ubuntu/wilker-tezoto-advogado/node_modules/.pnpm/@babel+parser@7.28.4/node_modules/@babel/parser/lib/index.js:11050:23)
[2026-04-15T15:13:03.725Z] at TypeScriptParserMixin.parseMaybeUnary (/home/ubuntu/wilker-tezoto-advogado/node_modules/.pnpm/@babel+parser@7.28.4/node_modules/@babel/parser/lib/index.js:9857:18)
[2026-04-15T15:13:03.725Z] at TypeScriptParserMixin.parseMaybeUnaryOrPrivate (/home/ubuntu/wilker-tezoto-advogado/node_modules/.pnpm/@babel+parser@7.28.4/node_modules/@babel/parser/lib/index.js:10903:61)
[2026-04-15T15:13:03.726Z] at TypeScriptParserMixin.parseExprOps (/home/ubuntu/wilker-tezoto-advogado/node_modules/.pnpm/@babel+parser@7.28.4/node_modules/@babel/parser/lib/index.js:10908:23)
[2026-04-15T15:13:03.726Z] at TypeScriptParserMixin.parseMaybeConditional (/home/ubuntu/wilker-tezoto-advogado/node_modules/.pnpm/@babel+parser@7.28.4/node_modules/@babel/parser/lib/index.js:10885:23)
[2026-04-15T15:13:03.726Z] at TypeScriptParserMixin.parseMaybeAssign (/home/ubuntu/wilker-tezoto-advogado/node_modules/.pnpm/@babel+parser@7.28.4/node_modules/@babel/parser/lib/index.js:10835:21)
[2026-04-15T15:13:03.726Z] at TypeScriptParserMixin.parseMaybeAssign (/home/ubuntu/wilker-tezoto-advogado/node_modules/.pnpm/@babel+parser@7.28.4/node_modules/@babel/parser/lib/index.js:9806:20)
[2026-04-15T15:13:03.727Z] at TypeScriptParserMixin.parseExpressionBase (/home/ubuntu/wilker-tezoto-advogado/node_modules/.pnpm/@babel+parser@7.28.4/node_modules/@babel/parser/lib/index.js:10788:23)
[2026-04-15T15:13:03.727Z] at /home/ubuntu/wilker-tezoto-advogado/node_modules/.pnpm/@babel+parser@7.28.4/node_modules/@babel/parser/lib/index.js:10784:39
[2026-04-15T15:13:03.727Z] at TypeScriptParserMixin.allowInAnd (/home/ubuntu/wilker-tezoto-advogado/node_modules/.pnpm/@babel+parser@7.28.4/node_modules/@babel/parser/lib/index.js:12431:16)
[2026-04-15T15:13:03.728Z] at TypeScriptParserMixin.parseExpression (/home/ubuntu/wilker-tezoto-advogado/node_modules/.pnpm/@babel+parser@7.28.4/node_modules/@babel/parser/lib/index.js:10784:17)
[2026-04-15T15:13:03.728Z] at TypeScriptParserMixin.parseReturnStatement (/home/ubuntu/wilker-tezoto-advogado/node_modules/.pnpm/@babel+parser@7.28.4/node_modules/@babel/parser/lib/index.js:13151:28)
[2026-04-15T15:13:03.728Z] at TypeScriptParserMixin.parseStatementContent (/home/ubuntu/wilker-tezoto-advogado/node_modules/.pnpm/@babel+parser@7.28.4/node_modules/@babel/parser/lib/index.js:12807:21)
[2026-04-15T15:13:03.728Z] at TypeScriptParserMixin.parseStatementContent (/home/ubuntu/wilker-tezoto-advogado/node_modules/.pnpm/@babel+parser@7.28.4/node_modules/@babel/parser/lib/index.js:9532:18)
[2026-04-15T15:13:04.166Z] 11:13:04 AM [vite] (client) Pre-transform error: /home/ubuntu/wilker-tezoto-advogado/client/src/components/articles/ContratoNaoCumpridoArticle.tsx: Unexpected token (29:12)
[2026-04-15T15:13:04.166Z] 
[2026-04-15T15:13:04.167Z] 27 |               url="https://wilkertezoto.manus.space/blog/contrato-nao-cumprido"
[2026-04-15T15:13:04.167Z] 28 |               position="top"
[2026-04-15T15:13:04.167Z] > 29 |             </Button>
[2026-04-15T15:13:04.167Z] |             ^
[2026-04-15T15:13:04.168Z] 30 |             <Button
[2026-04-15T15:13:04.168Z] 31 |               onClick={handleInstagramShare}
[2026-04-15T15:13:04.168Z] 32 |               variant="outline"
[2026-04-15T15:13:04.168Z] Plugin: vite:react-babel
[2026-04-15T15:13:04.168Z] File: /home/ubuntu/wilker-tezoto-advogado/client/src/components/articles/ContratoNaoCumpridoArticle.tsx:29:12
[2026-04-15T15:13:04.169Z] 27 |                url="https://wilkertezoto.manus.space/blog/contrato-nao-cumprido"
[2026-04-15T15:13:04.169Z] 28 |                position="top"
[2026-04-15T15:13:04.169Z] 29 |              </Button>
[2026-04-15T15:13:04.169Z] |              ^
[2026-04-15T15:13:04.169Z] 30 |              <Button
[2026-04-15T15:13:04.170Z] 31 |                onClick={handleInstagramShare}
[2026-04-15T15:13:05.006Z] 11:13:05 AM [vite] Internal server error: /home/ubuntu/wilker-tezoto-advogado/client/src/components/articles/ContratoNaoCumpridoArticle.tsx: Unexpected token (29:12)
[2026-04-15T15:13:05.007Z] 
[2026-04-15T15:13:05.007Z] 27 |               url="https://wilkertezoto.manus.space/blog/contrato-nao-cumprido"
[2026-04-15T15:13:05.007Z] 28 |               position="top"
[2026-04-15T15:13:05.008Z] > 29 |             </Button>
[2026-04-15T15:13:05.008Z] |             ^
[2026-04-15T15:13:05.008Z] 30 |             <Button
[2026-04-15T15:13:05.008Z] 31 |               onClick={handleInstagramShare}
[2026-04-15T15:13:05.008Z] 32 |               variant="outline"
[2026-04-15T15:13:05.009Z] Plugin: vite:react-babel
[2026-04-15T15:13:05.009Z] File: /home/ubuntu/wilker-tezoto-advogado/client/src/components/articles/ContratoNaoCumpridoArticle.tsx:29:12
[2026-04-15T15:13:05.009Z] 27 |                url="https://wilkertezoto.manus.space/blog/contrato-nao-cumprido"
[2026-04-15T15:13:05.009Z] 28 |                position="top"
[2026-04-15T15:13:05.009Z] 29 |              </Button>
[2026-04-15T15:13:05.010Z] |              ^
[2026-04-15T15:13:05.010Z] 30 |              <Button
[2026-04-15T15:13:05.010Z] 31 |                onClick={handleInstagramShare}
[2026-04-15T15:13:05.010Z] at constructor (/home/ubuntu/wilker-tezoto-advogado/node_modules/.pnpm/@babel+parser@7.28.4/node_modules/@babel/parser/lib/index.js:367:19)
[2026-04-15T15:13:05.011Z] at TypeScriptParserMixin.raise (/home/ubuntu/wilker-tezoto-advogado/node_modules/.pnpm/@babel+parser@7.28.4/node_modules/@babel/parser/lib/index.js:6630:19)
[2026-04-15T15:13:05.011Z] at TypeScriptParserMixin.unexpected (/home/ubuntu/wilker-tezoto-advogado/node_modules/.pnpm/@babel+parser@7.28.4/node_modules/@babel/parser/lib/index.js:6650:16)
[2026-04-15T15:13:05.011Z] at TypeScriptParserMixin.jsxParseIdentifier (/home/ubuntu/wilker-tezoto-advogado/node_modules/.pnpm/@babel+parser@7.28.4/node_modules/@babel/parser/lib/index.js:4602:12)
[2026-04-15T15:13:05.011Z] at TypeScriptParserMixin.jsxParseNamespacedName (/home/ubuntu/wilker-tezoto-advogado/node_modules/.pnpm/@babel+parser@7.28.4/node_modules/@babel/parser/lib/index.js:4609:23)
[2026-04-15T15:13:05.012Z] at TypeScriptParserMixin.jsxParseAttribute (/home/ubuntu/wilker-tezoto-advogado/node_modules/.pnpm/@babel+parser@7.28.4/node_modules/@babel/parser/lib/index.js:4685:22)
[2026-04-15T15:13:05.012Z] at TypeScriptParserMixin.jsxParseOpeningElementAfterName (/home/ubuntu/wilker-tezoto-advogado/node_modules/.pnpm/@babel+parser@7.28.4/node_modules/@babel/parser/lib/index.js:4700:28)
[2026-04-15T15:13:05.012Z] at TypeScriptParserMixin.jsxParseOpeningElementAfterName (/home/ubuntu/wilker-tezoto-advogado/node_modules/.pnpm/@babel+parser@7.28.4/node_modules/@babel/parser/lib/index.js:10067:18)
[2026-04-15T15:13:05.013Z] at TypeScriptParserMixin.jsxParseOpeningElementAt (/home/ubuntu/wilker-tezoto-advogado/node_modules/.pnpm/@babel+parser@7.28.4/node_modules/@babel/parser/lib/index.js:4695:17)
[2026-04-15T15:13:05.013Z] at TypeScriptParserMixin.jsxParseElementAt (/home/ubuntu/wilker-tezoto-advogado/node_modules/.pnpm/@babel+parser@7.28.4/node_modules/@babel/parser/lib/index.js:4719:33)
[2026-04-15T15:13:05.013Z] at TypeScriptParserMixin.jsxParseElementAt (/home/ubuntu/wilker-tezoto-advogado/node_modules/.pnpm/@babel+parser@7.28.4/node_modules/@babel/parser/lib/index.js:4731:32)
[2026-04-15T15:13:05.014Z] at TypeScriptParserMixin.jsxParseElementAt (/home/ubuntu/wilker-tezoto-advogado/node_modules/.pnpm/@babel+parser@7.28.4/node_modules/@babel/parser/lib/index.js:4731:32)
[2026-04-15T15:13:05.014Z] at TypeScriptParserMixin.jsxParseElementAt (/home/ubuntu/wilker-tezoto-advogado/node_modules/.pnpm/@babel+parser@7.28.4/node_modules/@babel/parser/lib/index.js:4731:32)
[2026-04-15T15:13:05.015Z] at TypeScriptParserMixin.jsxParseElementAt (/home/ubuntu/wilker-tezoto-advogado/node_modules/.pnpm/@babel+parser@7.28.4/node_modules/@babel/parser/lib/index.js:4731:32)
[2026-04-15T15:13:05.015Z] at TypeScriptParserMixin.jsxParseElement (/home/ubuntu/wilker-tezoto-advogado/node_modules/.pnpm/@babel+parser@7.28.4/node_modules/@babel/parser/lib/index.js:4782:17)
[2026-04-15T15:13:05.015Z] at TypeScriptParserMixin.parseExprAtom (/home/ubuntu/wilker-tezoto-advogado/node_modules/.pnpm/@babel+parser@7.28.4/node_modules/@babel/parser/lib/index.js:4792:19)
[2026-04-15T15:13:05.015Z] at TypeScriptParserMixin.parseExprSubscripts (/home/ubuntu/wilker-tezoto-advogado/node_modules/.pnpm/@babel+parser@7.28.4/node_modules/@babel/parser/lib/index.js:11085:23)
[2026-04-15T15:13:05.015Z] at TypeScriptParserMixin.parseUpdate (/home/ubuntu/wilker-tezoto-advogado/node_modules/.pnpm/@babel+parser@7.28.4/node_modules/@babel/parser/lib/index.js:11070:21)
[2026-04-15T15:13:05.016Z] at TypeScriptParserMixin.parseMaybeUnary (/home/ubuntu/wilker-tezoto-advogado/node_modules/.pnpm/@babel+parser@7.28.4/node_modules/@babel/parser/lib/index.js:11050:23)
[2026-04-15T15:13:05.016Z] at TypeScriptParserMixin.parseMaybeUnary (/home/ubuntu/wilker-tezoto-advogado/node_modules/.pnpm/@babel+parser@7.28.4/node_modules/@babel/parser/lib/index.js:9857:18)
[2026-04-15T15:13:05.016Z] at TypeScriptParserMixin.parseMaybeUnaryOrPrivate (/home/ubuntu/wilker-tezoto-advogado/node_modules/.pnpm/@babel+parser@7.28.4/node_modules/@babel/parser/lib/index.js:10903:61)
[2026-04-15T15:13:05.016Z] at TypeScriptParserMixin.parseExprOps (/home/ubuntu/wilker-tezoto-advogado/node_modules/.pnpm/@babel+parser@7.28.4/node_modules/@babel/parser/lib/index.js:10908:23)
[2026-04-15T15:13:05.016Z] at TypeScriptParserMixin.parseMaybeConditional (/home/ubuntu/wilker-tezoto-advogado/node_modules/.pnpm/@babel+parser@7.28.4/node_modules/@babel/parser/lib/index.js:10885:23)
[2026-04-15T15:13:05.017Z] at TypeScriptParserMixin.parseMaybeAssign (/home/ubuntu/wilker-tezoto-advogado/node_modules/.pnpm/@babel+parser@7.28.4/node_modules/@babel/parser/lib/index.js:10835:21)
[2026-04-15T15:13:05.017Z] at /home/ubuntu/wilker-tezoto-advogado/node_modules/.pnpm/@babel+parser@7.28.4/node_modules/@babel/parser/lib/index.js:9795:39
[2026-04-15T15:13:05.017Z] at TypeScriptParserMixin.tryParse (/home/ubuntu/wilker-tezoto-advogado/node_modules/.pnpm/@babel+parser@7.28.4/node_modules/@babel/parser/lib/index.js:6938:20)
[2026-04-15T15:13:05.017Z] at TypeScriptParserMixin.parseMaybeAssign (/home/ubuntu/wilker-tezoto-advogado/node_modules/.pnpm/@babel+parser@7.28.4/node_modules/@babel/parser/lib/index.js:9795:18)
[2026-04-15T15:13:05.018Z] at /home/ubuntu/wilker-tezoto-advogado/node_modules/.pnpm/@babel+parser@7.28.4/node_modules/@babel/parser/lib/index.js:10804:39
[2026-04-15T15:13:05.018Z] at TypeScriptParserMixin.allowInAnd (/home/ubuntu/wilker-tezoto-advogado/node_modules/.pnpm/@babel+parser@7.28.4/node_modules/@babel/parser/lib/index.js:12436:12)
[2026-04-15T15:13:05.018Z] at TypeScriptParserMixin.parseMaybeAssignAllowIn (/home/ubuntu/wilker-tezoto-advogado/node_modules/.pnpm/@babel+parser@7.28.4/node_modules/@babel/parser/lib/index.js:10804:17)
[2026-04-15T15:13:05.018Z] at TypeScriptParserMixin.parseMaybeAssignAllowInOrVoidPattern (/home/ubuntu/wilker-tezoto-advogado/node_modules/.pnpm/@babel+parser@7.28.4/node_modules/@babel/parser/lib/index.js:12503:17)
[2026-04-15T15:13:05.018Z] at TypeScriptParserMixin.parseParenAndDistinguishExpression (/home/ubuntu/wilker-tezoto-advogado/node_modules/.pnpm/@babel+parser@7.28.4/node_modules/@babel/parser/lib/index.js:11683:28)
[2026-04-15T15:13:05.019Z] at TypeScriptParserMixin.parseExprAtom (/home/ubuntu/wilker-tezoto-advogado/node_modules/.pnpm/@babel+parser@7.28.4/node_modules/@babel/parser/lib/index.js:11335:23)
[2026-04-15T15:13:05.019Z] at TypeScriptParserMixin.parseExprAtom (/home/ubuntu/wilker-tezoto-advogado/node_modules/.pnpm/@babel+parser@7.28.4/node_modules/@babel/parser/lib/index.js:4797:20)
[2026-04-15T15:13:05.019Z] at TypeScriptParserMixin.parseExprSubscripts (/home/ubuntu/wilker-tezoto-advogado/node_modules/.pnpm/@babel+parser@7.28.4/node_modules/@babel/parser/lib/index.js:11085:23)
[2026-04-15T15:13:05.019Z] at TypeScriptParserMixin.parseUpdate (/home/ubuntu/wilker-tezoto-advogado/node_modules/.pnpm/@babel+parser@7.28.4/node_modules/@babel/parser/lib/index.js:11070:21)
[2026-04-15T15:13:05.020Z] at TypeScriptParserMixin.parseMaybeUnary (/home/ubuntu/wilker-tezoto-advogado/node_modules/.pnpm/@babel+parser@7.28.4/node_modules/@babel/parser/lib/index.js:11050:23)
[2026-04-15T15:13:05.021Z] at TypeScriptParserMixin.parseMaybeUnary (/home/ubuntu/wilker-tezoto-advogado/node_modules/.pnpm/@babel+parser@7.28.4/node_modules/@babel/parser/lib/index.js:9857:18)
[2026-04-15T15:13:05.021Z] at TypeScriptParserMixin.parseMaybeUnaryOrPrivate (/home/ubuntu/wilker-tezoto-advogado/node_modules/.pnpm/@babel+parser@7.28.4/node_modules/@babel/parser/lib/index.js:10903:61)
[2026-04-15T15:13:05.021Z] at TypeScriptParserMixin.parseExprOps (/home/ubuntu/wilker-tezoto-advogado/node_modules/.pnpm/@babel+parser@7.28.4/node_modules/@babel/parser/lib/index.js:10908:23)
[2026-04-15T15:13:05.022Z] at TypeScriptParserMixin.parseMaybeConditional (/home/ubuntu/wilker-tezoto-advogado/node_modules/.pnpm/@babel+parser@7.28.4/node_modules/@babel/parser/lib/index.js:10885:23)
[2026-04-15T15:13:05.022Z] at TypeScriptParserMixin.parseMaybeAssign (/home/ubuntu/wilker-tezoto-advogado/node_modules/.pnpm/@babel+parser@7.28.4/node_modules/@babel/parser/lib/index.js:10835:21)
[2026-04-15T15:13:05.022Z] at TypeScriptParserMixin.parseMaybeAssign (/home/ubuntu/wilker-tezoto-advogado/node_modules/.pnpm/@babel+parser@7.28.4/node_modules/@babel/parser/lib/index.js:9806:20)
[2026-04-15T15:13:05.023Z] at TypeScriptParserMixin.parseExpressionBase (/home/ubuntu/wilker-tezoto-advogado/node_modules/.pnpm/@babel+parser@7.28.4/node_modules/@babel/parser/lib/index.js:10788:23)
[2026-04-15T15:13:05.023Z] at /home/ubuntu/wilker-tezoto-advogado/node_modules/.pnpm/@babel+parser@7.28.4/node_modules/@babel/parser/lib/index.js:10784:39
[2026-04-15T15:13:05.023Z] at TypeScriptParserMixin.allowInAnd (/home/ubuntu/wilker-tezoto-advogado/node_modules/.pnpm/@babel+parser@7.28.4/node_modules/@babel/parser/lib/index.js:12431:16)
[2026-04-15T15:13:05.023Z] at TypeScriptParserMixin.parseExpression (/home/ubuntu/wilker-tezoto-advogado/node_modules/.pnpm/@babel+parser@7.28.4/node_modules/@babel/parser/lib/index.js:10784:17)
[2026-04-15T15:13:05.024Z] at TypeScriptParserMixin.parseReturnStatement (/home/ubuntu/wilker-tezoto-advogado/node_modules/.pnpm/@babel+parser@7.28.4/node_modules/@babel/parser/lib/index.js:13151:28)
[2026-04-15T15:13:05.025Z] at TypeScriptParserMixin.parseStatementContent (/home/ubuntu/wilker-tezoto-advogado/node_modules/.pnpm/@babel+parser@7.28.4/node_modules/@babel/parser/lib/index.js:12807:21)
[2026-04-15T15:13:05.025Z] at TypeScriptParserMixin.parseStatementContent (/home/ubuntu/wilker-tezoto-advogado/node_modules/.pnpm/@babel+parser@7.28.4/node_modules/@babel/parser/lib/index.js:9532:18)
[2026-04-15T15:13:06.333Z] 11:13:06 AM [vite] Internal server error: /home/ubuntu/wilker-tezoto-advogado/client/src/components/articles/ContratoNaoCumpridoArticle.tsx: Unexpected token (29:12)
[2026-04-15T15:13:06.333Z] 
[2026-04-15T15:13:06.334Z] 27 |               url="https://wilkertezoto.manus.space/blog/contrato-nao-cumprido"
[2026-04-15T15:13:06.334Z] 28 |               position="top"
[2026-04-15T15:13:06.334Z] > 29 |             </Button>
[2026-04-15T15:13:06.334Z] |             ^
[2026-04-15T15:13:06.334Z] 30 |             <Button
[2026-04-15T15:13:06.335Z] 31 |               onClick={handleInstagramShare}
[2026-04-15T15:13:06.335Z] 32 |               variant="outline"
[2026-04-15T15:13:06.335Z] Plugin: vite:react-babel
[2026-04-15T15:13:06.335Z] File: /home/ubuntu/wilker-tezoto-advogado/client/src/components/articles/ContratoNaoCumpridoArticle.tsx:29:12
[2026-04-15T15:13:06.335Z] 27 |                url="https://wilkertezoto.manus.space/blog/contrato-nao-cumprido"
[2026-04-15T15:13:06.335Z] 28 |                position="top"
[2026-04-15T15:13:06.336Z] 29 |              </Button>
[2026-04-15T15:13:06.336Z] |              ^
[2026-04-15T15:13:06.336Z] 30 |              <Button
[2026-04-15T15:13:06.336Z] 31 |                onClick={handleInstagramShare}
[2026-04-15T15:13:06.336Z] at constructor (/home/ubuntu/wilker-tezoto-advogado/node_modules/.pnpm/@babel+parser@7.28.4/node_modules/@babel/parser/lib/index.js:367:19)
[2026-04-15T15:13:06.337Z] at TypeScriptParserMixin.raise (/home/ubuntu/wilker-tezoto-advogado/node_modules/.pnpm/@babel+parser@7.28.4/node_modules/@babel/parser/lib/index.js:6630:19)
[2026-04-15T15:13:06.337Z] at TypeScriptParserMixin.unexpected (/home/ubuntu/wilker-tezoto-advogado/node_modules/.pnpm/@babel+parser@7.28.4/node_modules/@babel/parser/lib/index.js:6650:16)
[2026-04-15T15:13:06.337Z] at TypeScriptParserMixin.jsxParseIdentifier (/home/ubuntu/wilker-tezoto-advogado/node_modules/.pnpm/@babel+parser@7.28.4/node_modules/@babel/parser/lib/index.js:4602:12)
[2026-04-15T15:13:06.337Z] at TypeScriptParserMixin.jsxParseNamespacedName (/home/ubuntu/wilker-tezoto-advogado/node_modules/.pnpm/@babel+parser@7.28.4/node_modules/@babel/parser/lib/index.js:4609:23)
[2026-04-15T15:13:06.338Z] at TypeScriptParserMixin.jsxParseAttribute (/home/ubuntu/wilker-tezoto-advogado/node_modules/.pnpm/@babel+parser@7.28.4/node_modules/@babel/parser/lib/index.js:4685:22)
[2026-04-15T15:13:06.338Z] at TypeScriptParserMixin.jsxParseOpeningElementAfterName (/home/ubuntu/wilker-tezoto-advogado/node_modules/.pnpm/@babel+parser@7.28.4/node_modules/@babel/parser/lib/index.js:4700:28)
[2026-04-15T15:13:06.338Z] at TypeScriptParserMixin.jsxParseOpeningElementAfterName (/home/ubuntu/wilker-tezoto-advogado/node_modules/.pnpm/@babel+parser@7.28.4/node_modules/@babel/parser/lib/index.js:10067:18)
[2026-04-15T15:13:06.338Z] at TypeScriptParserMixin.jsxParseOpeningElementAt (/home/ubuntu/wilker-tezoto-advogado/node_modules/.pnpm/@babel+parser@7.28.4/node_modules/@babel/parser/lib/index.js:4695:17)
[2026-04-15T15:13:06.339Z] at TypeScriptParserMixin.jsxParseElementAt (/home/ubuntu/wilker-tezoto-advogado/node_modules/.pnpm/@babel+parser@7.28.4/node_modules/@babel/parser/lib/index.js:4719:33)
[2026-04-15T15:13:06.339Z] at TypeScriptParserMixin.jsxParseElementAt (/home/ubuntu/wilker-tezoto-advogado/node_modules/.pnpm/@babel+parser@7.28.4/node_modules/@babel/parser/lib/index.js:4731:32)
[2026-04-15T15:13:06.339Z] at TypeScriptParserMixin.jsxParseElementAt (/home/ubuntu/wilker-tezoto-advogado/node_modules/.pnpm/@babel+parser@7.28.4/node_modules/@babel/parser/lib/index.js:4731:32)
[2026-04-15T15:13:06.339Z] at TypeScriptParserMixin.jsxParseElementAt (/home/ubuntu/wilker-tezoto-advogado/node_modules/.pnpm/@babel+parser@7.28.4/node_modules/@babel/parser/lib/index.js:4731:32)
[2026-04-15T15:13:06.339Z] at TypeScriptParserMixin.jsxParseElementAt (/home/ubuntu/wilker-tezoto-advogado/node_modules/.pnpm/@babel+parser@7.28.4/node_modules/@babel/parser/lib/index.js:4731:32)
[2026-04-15T15:13:06.340Z] at TypeScriptParserMixin.jsxParseElement (/home/ubuntu/wilker-tezoto-advogado/node_modules/.pnpm/@babel+parser@7.28.4/node_modules/@babel/parser/lib/index.js:4782:17)
[2026-04-15T15:13:06.340Z] at TypeScriptParserMixin.parseExprAtom (/home/ubuntu/wilker-tezoto-advogado/node_modules/.pnpm/@babel+parser@7.28.4/node_modules/@babel/parser/lib/index.js:4792:19)
[2026-04-15T15:13:06.340Z] at TypeScriptParserMixin.parseExprSubscripts (/home/ubuntu/wilker-tezoto-advogado/node_modules/.pnpm/@babel+parser@7.28.4/node_modules/@babel/parser/lib/index.js:11085:23)
[2026-04-15T15:13:06.340Z] at TypeScriptParserMixin.parseUpdate (/home/ubuntu/wilker-tezoto-advogado/node_modules/.pnpm/@babel+parser@7.28.4/node_modules/@babel/parser/lib/index.js:11070:21)
[2026-04-15T15:13:06.340Z] at TypeScriptParserMixin.parseMaybeUnary (/home/ubuntu/wilker-tezoto-advogado/node_modules/.pnpm/@babel+parser@7.28.4/node_modules/@babel/parser/lib/index.js:11050:23)
[2026-04-15T15:13:06.341Z] at TypeScriptParserMixin.parseMaybeUnary (/home/ubuntu/wilker-tezoto-advogado/node_modules/.pnpm/@babel+parser@7.28.4/node_modules/@babel/parser/lib/index.js:9857:18)
[2026-04-15T15:13:06.341Z] at TypeScriptParserMixin.parseMaybeUnaryOrPrivate (/home/ubuntu/wilker-tezoto-advogado/node_modules/.pnpm/@babel+parser@7.28.4/node_modules/@babel/parser/lib/index.js:10903:61)
[2026-04-15T15:13:06.341Z] at TypeScriptParserMixin.parseExprOps (/home/ubuntu/wilker-tezoto-advogado/node_modules/.pnpm/@babel+parser@7.28.4/node_modules/@babel/parser/lib/index.js:10908:23)
[2026-04-15T15:13:06.341Z] at TypeScriptParserMixin.parseMaybeConditional (/home/ubuntu/wilker-tezoto-advogado/node_modules/.pnpm/@babel+parser@7.28.4/node_modules/@babel/parser/lib/index.js:10885:23)
[2026-04-15T15:13:06.341Z] at TypeScriptParserMixin.parseMaybeAssign (/home/ubuntu/wilker-tezoto-advogado/node_modules/.pnpm/@babel+parser@7.28.4/node_modules/@babel/parser/lib/index.js:10835:21)
[2026-04-15T15:13:06.342Z] at /home/ubuntu/wilker-tezoto-advogado/node_modules/.pnpm/@babel+parser@7.28.4/node_modules/@babel/parser/lib/index.js:9795:39
[2026-04-15T15:13:06.342Z] at TypeScriptParserMixin.tryParse (/home/ubuntu/wilker-tezoto-advogado/node_modules/.pnpm/@babel+parser@7.28.4/node_modules/@babel/parser/lib/index.js:6938:20)
[2026-04-15T15:13:06.342Z] at TypeScriptParserMixin.parseMaybeAssign (/home/ubuntu/wilker-tezoto-advogado/node_modules/.pnpm/@babel+parser@7.28.4/node_modules/@babel/parser/lib/index.js:9795:18)
[2026-04-15T15:13:06.342Z] at /home/ubuntu/wilker-tezoto-advogado/node_modules/.pnpm/@babel+parser@7.28.4/node_modules/@babel/parser/lib/index.js:10804:39
[2026-04-15T15:13:06.343Z] at TypeScriptParserMixin.allowInAnd (/home/ubuntu/wilker-tezoto-advogado/node_modules/.pnpm/@babel+parser@7.28.4/node_modules/@babel/parser/lib/index.js:12436:12)
[2026-04-15T15:13:06.343Z] at TypeScriptParserMixin.parseMaybeAssignAllowIn (/home/ubuntu/wilker-tezoto-advogado/node_modules/.pnpm/@babel+parser@7.28.4/node_modules/@babel/parser/lib/index.js:10804:17)
[2026-04-15T15:13:06.343Z] at TypeScriptParserMixin.parseMaybeAssignAllowInOrVoidPattern (/home/ubuntu/wilker-tezoto-advogado/node_modules/.pnpm/@babel+parser@7.28.4/node_modules/@babel/parser/lib/index.js:12503:17)
[2026-04-15T15:13:06.343Z] at TypeScriptParserMixin.parseParenAndDistinguishExpression (/home/ubuntu/wilker-tezoto-advogado/node_modules/.pnpm/@babel+parser@7.28.4/node_modules/@babel/parser/lib/index.js:11683:28)
[2026-04-15T15:13:06.344Z] at TypeScriptParserMixin.parseExprAtom (/home/ubuntu/wilker-tezoto-advogado/node_modules/.pnpm/@babel+parser@7.28.4/node_modules/@babel/parser/lib/index.js:11335:23)
[2026-04-15T15:13:06.344Z] at TypeScriptParserMixin.parseExprAtom (/home/ubuntu/wilker-tezoto-advogado/node_modules/.pnpm/@babel+parser@7.28.4/node_modules/@babel/parser/lib/index.js:4797:20)
[2026-04-15T15:13:06.344Z] at TypeScriptParserMixin.parseExprSubscripts (/home/ubuntu/wilker-tezoto-advogado/node_modules/.pnpm/@babel+parser@7.28.4/node_modules/@babel/parser/lib/index.js:11085:23)
[2026-04-15T15:13:06.345Z] at TypeScriptParserMixin.parseUpdate (/home/ubuntu/wilker-tezoto-advogado/node_modules/.pnpm/@babel+parser@7.28.4/node_modules/@babel/parser/lib/index.js:11070:21)
[2026-04-15T15:13:06.345Z] at TypeScriptParserMixin.parseMaybeUnary (/home/ubuntu/wilker-tezoto-advogado/node_modules/.pnpm/@babel+parser@7.28.4/node_modules/@babel/parser/lib/index.js:11050:23)
[2026-04-15T15:13:06.345Z] at TypeScriptParserMixin.parseMaybeUnary (/home/ubuntu/wilker-tezoto-advogado/node_modules/.pnpm/@babel+parser@7.28.4/node_modules/@babel/parser/lib/index.js:9857:18)
[2026-04-15T15:13:06.345Z] at TypeScriptParserMixin.parseMaybeUnaryOrPrivate (/home/ubuntu/wilker-tezoto-advogado/node_modules/.pnpm/@babel+parser@7.28.4/node_modules/@babel/parser/lib/index.js:10903:61)
[2026-04-15T15:13:06.346Z] at TypeScriptParserMixin.parseExprOps (/home/ubuntu/wilker-tezoto-advogado/node_modules/.pnpm/@babel+parser@7.28.4/node_modules/@babel/parser/lib/index.js:10908:23)
[2026-04-15T15:13:06.347Z] at TypeScriptParserMixin.parseMaybeConditional (/home/ubuntu/wilker-tezoto-advogado/node_modules/.pnpm/@babel+parser@7.28.4/node_modules/@babel/parser/lib/index.js:10885:23)
[2026-04-15T15:13:06.347Z] at TypeScriptParserMixin.parseMaybeAssign (/home/ubuntu/wilker-tezoto-advogado/node_modules/.pnpm/@babel+parser@7.28.4/node_modules/@babel/parser/lib/index.js:10835:21)
[2026-04-15T15:13:06.347Z] at TypeScriptParserMixin.parseMaybeAssign (/home/ubuntu/wilker-tezoto-advogado/node_modules/.pnpm/@babel+parser@7.28.4/node_modules/@babel/parser/lib/index.js:9806:20)
[2026-04-15T15:13:06.348Z] at TypeScriptParserMixin.parseExpressionBase (/home/ubuntu/wilker-tezoto-advogado/node_modules/.pnpm/@babel+parser@7.28.4/node_modules/@babel/parser/lib/index.js:10788:23)
[2026-04-15T15:13:06.348Z] at /home/ubuntu/wilker-tezoto-advogado/node_modules/.pnpm/@babel+parser@7.28.4/node_modules/@babel/parser/lib/index.js:10784:39
[2026-04-15T15:13:06.349Z] at TypeScriptParserMixin.allowInAnd (/home/ubuntu/wilker-tezoto-advogado/node_modules/.pnpm/@babel+parser@7.28.4/node_modules/@babel/parser/lib/index.js:12431:16)
[2026-04-15T15:13:06.350Z] at TypeScriptParserMixin.parseExpression (/home/ubuntu/wilker-tezoto-advogado/node_modules/.pnpm/@babel+parser@7.28.4/node_modules/@babel/parser/lib/index.js:10784:17)
[2026-04-15T15:13:06.350Z] at TypeScriptParserMixin.parseReturnStatement (/home/ubuntu/wilker-tezoto-advogado/node_modules/.pnpm/@babel+parser@7.28.4/node_modules/@babel/parser/lib/index.js:13151:28)
[2026-04-15T15:13:06.350Z] at TypeScriptParserMixin.parseStatementContent (/home/ubuntu/wilker-tezoto-advogado/node_modules/.pnpm/@babel+parser@7.28.4/node_modules/@babel/parser/lib/index.js:12807:21)
[2026-04-15T15:13:06.350Z] at TypeScriptParserMixin.parseStatementContent (/home/ubuntu/wilker-tezoto-advogado/node_modules/.pnpm/@babel+parser@7.28.4/node_modules/@babel/parser/lib/index.js:9532:18)
[2026-04-15T15:13:15.346Z] 11:13:15 AM [vite] (client) hmr update /src/components/articles/ContratoNaoCumpridoArticle.tsx, /src/index.css
[2026-04-15T15:13:15.468Z] [vite:css][postcss] @import must precede all other statements (besides @charset or empty @layer)
[2026-04-15T15:13:15.468Z] 5759 |    initial-value: 0;
[2026-04-15T15:13:15.469Z] 5760 |  }
[2026-04-15T15:13:15.469Z] 5761 |  @import url('https://fonts.googleapis.com/css2?family=Lora:wght@400;500;600;700&family=Inter:wght@400;500;600;700&dis...
[2026-04-15T15:13:15.469Z] |  ^^^^^^^^^^^^^^^^^^^^^^^^^^^^^^^^^^^^^^^^^^^^^^^^^^^^^^^^^^^^^^^^^^^^^^^^^^^^^^^^^^^^^^^^^^^^^^^^^^^^^^^^^^^^^^^^^^^^^^^^
[2026-04-15T15:13:15.470Z] 5762 |  :root {
[2026-04-15T15:13:15.470Z] 5763 |    --primary: #1a2847;
[2026-04-15T15:13:41.381Z] 11:13:41 AM [vite] (client) hmr update /src/components/articles/ContratoNaoCumpridoArticle.tsx, /src/index.css
[2026-04-15T15:13:41.481Z] [vite:css][postcss] @import must precede all other statements (besides @charset or empty @layer)
[2026-04-15T15:13:41.481Z] 5759 |    initial-value: 0;
[2026-04-15T15:13:41.482Z] 5760 |  }
[2026-04-15T15:13:41.482Z] 5761 |  @import url('https://fonts.googleapis.com/css2?family=Lora:wght@400;500;600;700&family=Inter:wght@400;500;600;700&dis...
[2026-04-15T15:13:41.482Z] |  ^^^^^^^^^^^^^^^^^^^^^^^^^^^^^^^^^^^^^^^^^^^^^^^^^^^^^^^^^^^^^^^^^^^^^^^^^^^^^^^^^^^^^^^^^^^^^^^^^^^^^^^^^^^^^^^^^^^^^^^^
[2026-04-15T15:13:41.483Z] 5762 |  :root {
[2026-04-15T15:13:41.483Z] 5763 |    --primary: #1a2847;
[2026-04-15T15:13:57.314Z] 11:13:57 AM [vite] (client) hmr update /src/components/articles/ContratoNaoCumpridoArticle.tsx, /src/index.css
[2026-04-15T15:13:57.410Z] [vite:css][postcss] @import must precede all other statements (besides @charset or empty @layer)
[2026-04-15T15:13:57.412Z] 5759 |    initial-value: 0;
[2026-04-15T15:13:57.412Z] 5760 |  }
[2026-04-15T15:13:57.412Z] 5761 |  @import url('https://fonts.googleapis.com/css2?family=Lora:wght@400;500;600;700&family=Inter:wght@400;500;600;700&dis...
[2026-04-15T15:13:57.413Z] |  ^^^^^^^^^^^^^^^^^^^^^^^^^^^^^^^^^^^^^^^^^^^^^^^^^^^^^^^^^^^^^^^^^^^^^^^^^^^^^^^^^^^^^^^^^^^^^^^^^^^^^^^^^^^^^^^^^^^^^^^^
[2026-04-15T15:13:57.413Z] 5762 |  :root {
[2026-04-15T15:13:57.413Z] 5763 |    --primary: #1a2847;
[2026-04-15T15:14:11.140Z] 11:14:11 AM [vite] (client) hmr update /src/components/articles/GuardaCompartilhadaArticle.tsx, /src/index.css
[2026-04-15T15:14:11.226Z] [vite:css][postcss] @import must precede all other statements (besides @charset or empty @layer)
[2026-04-15T15:14:11.227Z] 5759 |    initial-value: 0;
[2026-04-15T15:14:11.227Z] 5760 |  }
[2026-04-15T15:14:11.227Z] 5761 |  @import url('https://fonts.googleapis.com/css2?family=Lora:wght@400;500;600;700&family=Inter:wght@400;500;600;700&dis...
[2026-04-15T15:14:11.227Z] |  ^^^^^^^^^^^^^^^^^^^^^^^^^^^^^^^^^^^^^^^^^^^^^^^^^^^^^^^^^^^^^^^^^^^^^^^^^^^^^^^^^^^^^^^^^^^^^^^^^^^^^^^^^^^^^^^^^^^^^^^^
[2026-04-15T15:14:11.228Z] 5762 |  :root {
[2026-04-15T15:14:11.228Z] 5763 |    --primary: #1a2847;
[2026-04-15T15:14:55.758Z] 11:14:55 AM [vite] (client) hmr update /src/components/articles/GuardaCompartilhadaArticle.tsx, /src/index.css
[2026-04-15T15:14:55.854Z] [vite:css][postcss] @import must precede all other statements (besides @charset or empty @layer)
[2026-04-15T15:14:55.855Z] 5759 |    initial-value: 0;
[2026-04-15T15:14:55.856Z] 5760 |  }
[2026-04-15T15:14:55.856Z] 5761 |  @import url('https://fonts.googleapis.com/css2?family=Lora:wght@400;500;600;700&family=Inter:wght@400;500;600;700&dis...
[2026-04-15T15:14:55.856Z] |  ^^^^^^^^^^^^^^^^^^^^^^^^^^^^^^^^^^^^^^^^^^^^^^^^^^^^^^^^^^^^^^^^^^^^^^^^^^^^^^^^^^^^^^^^^^^^^^^^^^^^^^^^^^^^^^^^^^^^^^^^
[2026-04-15T15:14:55.856Z] 5762 |  :root {
[2026-04-15T15:14:55.858Z] 5763 |    --primary: #1a2847;
[2026-04-15T15:15:24.699Z] 11:15:24 AM [vite] (client) hmr update /src/components/articles/GuardaCompartilhadaArticle.tsx, /src/index.css
[2026-04-15T15:15:24.771Z] [vite:css][postcss] @import must precede all other statements (besides @charset or empty @layer)
[2026-04-15T15:15:24.771Z] 5759 |    initial-value: 0;
[2026-04-15T15:15:24.771Z] 5760 |  }
[2026-04-15T15:15:24.772Z] 5761 |  @import url('https://fonts.googleapis.com/css2?family=Lora:wght@400;500;600;700&family=Inter:wght@400;500;600;700&dis...
[2026-04-15T15:15:24.772Z] |  ^^^^^^^^^^^^^^^^^^^^^^^^^^^^^^^^^^^^^^^^^^^^^^^^^^^^^^^^^^^^^^^^^^^^^^^^^^^^^^^^^^^^^^^^^^^^^^^^^^^^^^^^^^^^^^^^^^^^^^^^
[2026-04-15T15:15:24.772Z] 5762 |  :root {
[2026-04-15T15:15:24.772Z] 5763 |    --primary: #1a2847;
[2026-04-15T15:15:30.318Z] 11:15:30 AM [vite] (client) hmr update /src/components/articles/GuardaCompartilhadaArticle.tsx, /src/index.css
[2026-04-15T15:15:30.392Z] [vite:css][postcss] @import must precede all other statements (besides @charset or empty @layer)
[2026-04-15T15:15:30.392Z] 5759 |    initial-value: 0;
[2026-04-15T15:15:30.393Z] 5760 |  }
[2026-04-15T15:15:30.393Z] 5761 |  @import url('https://fonts.googleapis.com/css2?family=Lora:wght@400;500;600;700&family=Inter:wght@400;500;600;700&dis...
[2026-04-15T15:15:30.393Z] |  ^^^^^^^^^^^^^^^^^^^^^^^^^^^^^^^^^^^^^^^^^^^^^^^^^^^^^^^^^^^^^^^^^^^^^^^^^^^^^^^^^^^^^^^^^^^^^^^^^^^^^^^^^^^^^^^^^^^^^^^^
[2026-04-15T15:15:30.393Z] 5762 |  :root {
[2026-04-15T15:15:30.393Z] 5763 |    --primary: #1a2847;
[2026-04-15T15:16:27.593Z] Dev server process group stopped
[2026-04-15T15:16:27.595Z] ELIFECYCLE  Command failed.
[2026-04-15T15:16:27.609Z] Dev server exited with code -15
[2026-04-15T15:16:30.620Z] Starting dev server with command: pnpm run dev
[2026-04-15T15:16:31.282Z] 
[2026-04-15T15:16:31.283Z] > wilker-tezoto-advogado@1.0.0 dev /home/ubuntu/wilker-tezoto-advogado
[2026-04-15T15:16:31.283Z] > vite --host
[2026-04-15T15:16:31.284Z] 
[2026-04-15T15:16:31.615Z] 
[2026-04-15T15:16:31.616Z] VITE v7.1.9  ready in 295 ms
[2026-04-15T15:16:31.616Z] 
[2026-04-15T15:16:31.617Z] ➜  Local:   http://localhost:3000/
[2026-04-15T15:16:31.617Z] ➜  Network: http://169.254.0.21:3000/
[2026-04-15T15:16:32.009Z] [baseline-browser-mapping] The data in this module is over two months old.  To ensure accurate Baseline data, please update: `npm i baseline-browser-mapping@latest -D`
[2026-04-15T15:16:33.139Z] [vite:css][postcss] @import must precede all other statements (besides @charset or empty @layer)
[2026-04-15T15:16:33.139Z] 5748 |    initial-value: 0;
[2026-04-15T15:16:33.140Z] 5749 |  }
[2026-04-15T15:16:33.140Z] 5750 |  @import url('https://fonts.googleapis.com/css2?family=Lora:wght@400;500;600;700&family=Inter:wght@400;500;600;700&dis...
[2026-04-15T15:16:33.140Z] |  ^^^^^^^^^^^^^^^^^^^^^^^^^^^^^^^^^^^^^^^^^^^^^^^^^^^^^^^^^^^^^^^^^^^^^^^^^^^^^^^^^^^^^^^^^^^^^^^^^^^^^^^^^^^^^^^^^^^^^^^^
[2026-04-15T15:16:33.140Z] 5751 |  :root {
[2026-04-15T15:16:33.141Z] 5752 |    --primary: #1a2847;
[2026-04-15T15:17:50.252Z] 11:17:50 AM [vite] (client) hmr update /src/index.css
[2026-04-15T15:17:50.374Z] [vite:css][postcss] @import must precede all other statements (besides @charset or empty @layer)
[2026-04-15T15:17:50.375Z] 5748 |    initial-value: 0;
[2026-04-15T15:17:50.375Z] 5749 |  }
[2026-04-15T15:17:50.376Z] 5750 |  @import url('https://fonts.googleapis.com/css2?family=Lora:wght@400;500;600;700&family=Inter:wght@400;500;600;700&dis...
[2026-04-15T15:17:50.376Z] |  ^^^^^^^^^^^^^^^^^^^^^^^^^^^^^^^^^^^^^^^^^^^^^^^^^^^^^^^^^^^^^^^^^^^^^^^^^^^^^^^^^^^^^^^^^^^^^^^^^^^^^^^^^^^^^^^^^^^^^^^^
[2026-04-15T15:17:50.376Z] 5751 |  :root {
[2026-04-15T15:17:50.376Z] 5752 |    --primary: #1a2847;
[2026-04-15T17:21:08.945Z] 1:21:08 PM [vite] (client) hmr update /src/components/articles/GuardaCompartilhadaArticle.tsx, /src/index.css
[2026-04-15T17:21:09.125Z] [vite:css][postcss] @import must precede all other statements (besides @charset or empty @layer)
[2026-04-15T17:21:09.126Z] 5748 |    initial-value: 0;
[2026-04-15T17:21:09.126Z] 5749 |  }
[2026-04-15T17:21:09.126Z] 5750 |  @import url('https://fonts.googleapis.com/css2?family=Lora:wght@400;500;600;700&family=Inter:wght@400;500;600;700&dis...
[2026-04-15T17:21:09.127Z] |  ^^^^^^^^^^^^^^^^^^^^^^^^^^^^^^^^^^^^^^^^^^^^^^^^^^^^^^^^^^^^^^^^^^^^^^^^^^^^^^^^^^^^^^^^^^^^^^^^^^^^^^^^^^^^^^^^^^^^^^^^
[2026-04-15T17:21:09.127Z] 5751 |  :root {
[2026-04-15T17:21:09.127Z] 5752 |    --primary: #1a2847;
[2026-04-15T17:21:57.286Z] 1:21:57 PM [vite] (client) hmr update /src/components/articles/GuardaCompartilhadaArticle.tsx, /src/index.css
[2026-04-15T17:21:57.442Z] [vite:css][postcss] @import must precede all other statements (besides @charset or empty @layer)
[2026-04-15T17:21:57.443Z] 5748 |    initial-value: 0;
[2026-04-15T17:21:57.444Z] 5749 |  }
[2026-04-15T17:21:57.444Z] 5750 |  @import url('https://fonts.googleapis.com/css2?family=Lora:wght@400;500;600;700&family=Inter:wght@400;500;600;700&dis...
[2026-04-15T17:21:57.445Z] |  ^^^^^^^^^^^^^^^^^^^^^^^^^^^^^^^^^^^^^^^^^^^^^^^^^^^^^^^^^^^^^^^^^^^^^^^^^^^^^^^^^^^^^^^^^^^^^^^^^^^^^^^^^^^^^^^^^^^^^^^^
[2026-04-15T17:21:57.445Z] 5751 |  :root {
[2026-04-15T17:21:57.445Z] 5752 |    --primary: #1a2847;
[2026-04-15T17:22:26.356Z] Dev server process group stopped
[2026-04-15T17:22:26.358Z] ELIFECYCLE  Command failed.
[2026-04-15T17:22:26.372Z] Dev server exited with code -15
[2026-04-15T17:22:29.387Z] Starting dev server with command: pnpm run dev
[2026-04-15T17:22:30.008Z] 
[2026-04-15T17:22:30.009Z] > wilker-tezoto-advogado@1.0.0 dev /home/ubuntu/wilker-tezoto-advogado
[2026-04-15T17:22:30.009Z] > vite --host
[2026-04-15T17:22:30.009Z] 
[2026-04-15T17:22:30.365Z] 
[2026-04-15T17:22:30.366Z] VITE v7.1.9  ready in 316 ms
[2026-04-15T17:22:30.367Z] 
[2026-04-15T17:22:30.367Z] ➜  Local:   http://localhost:3000/
[2026-04-15T17:22:30.368Z] ➜  Network: http://169.254.0.21:3000/
[2026-04-15T17:22:30.754Z] [baseline-browser-mapping] The data in this module is over two months old.  To ensure accurate Baseline data, please update: `npm i baseline-browser-mapping@latest -D`
[2026-04-15T17:22:31.901Z] [vite:css][postcss] @import must precede all other statements (besides @charset or empty @layer)
[2026-04-15T17:22:31.902Z] 5748 |    initial-value: 0;
[2026-04-15T17:22:31.903Z] 5749 |  }
[2026-04-15T17:22:31.903Z] 5750 |  @import url('https://fonts.googleapis.com/css2?family=Lora:wght@400;500;600;700&family=Inter:wght@400;500;600;700&dis...
[2026-04-15T17:22:31.903Z] |  ^^^^^^^^^^^^^^^^^^^^^^^^^^^^^^^^^^^^^^^^^^^^^^^^^^^^^^^^^^^^^^^^^^^^^^^^^^^^^^^^^^^^^^^^^^^^^^^^^^^^^^^^^^^^^^^^^^^^^^^^
[2026-04-15T17:22:31.903Z] 5751 |  :root {
[2026-04-15T17:22:31.904Z] 5752 |    --primary: #1a2847;
[2026-04-15T17:24:06.869Z] 1:24:06 PM [vite] (client) hmr update /src/index.css
[2026-04-15T17:24:06.966Z] [vite:css][postcss] @import must precede all other statements (besides @charset or empty @layer)
[2026-04-15T17:24:06.966Z] 5748 |    initial-value: 0;
[2026-04-15T17:24:06.967Z] 5749 |  }
[2026-04-15T17:24:06.967Z] 5750 |  @import url('https://fonts.googleapis.com/css2?family=Lora:wght@400;500;600;700&family=Inter:wght@400;500;600;700&dis...
[2026-04-15T17:24:06.967Z] |  ^^^^^^^^^^^^^^^^^^^^^^^^^^^^^^^^^^^^^^^^^^^^^^^^^^^^^^^^^^^^^^^^^^^^^^^^^^^^^^^^^^^^^^^^^^^^^^^^^^^^^^^^^^^^^^^^^^^^^^^^
[2026-04-15T17:24:06.968Z] 5751 |  :root {
[2026-04-15T17:24:06.968Z] 5752 |    --primary: #1a2847;
[2026-04-15T17:28:21.671Z] 1:28:21 PM [vite] (client) hmr update /src/pages/Blog.tsx, /src/index.css
[2026-04-15T17:28:21.836Z] [vite:css][postcss] @import must precede all other statements (besides @charset or empty @layer)
[2026-04-15T17:28:21.837Z] 5771 |    initial-value: 0;
[2026-04-15T17:28:21.837Z] 5772 |  }
[2026-04-15T17:28:21.838Z] 5773 |  @import url('https://fonts.googleapis.com/css2?family=Lora:wght@400;500;600;700&family=Inter:wght@400;500;600;700&dis...
[2026-04-15T17:28:21.838Z] |  ^^^^^^^^^^^^^^^^^^^^^^^^^^^^^^^^^^^^^^^^^^^^^^^^^^^^^^^^^^^^^^^^^^^^^^^^^^^^^^^^^^^^^^^^^^^^^^^^^^^^^^^^^^^^^^^^^^^^^^^^
[2026-04-15T17:28:21.838Z] 5774 |  :root {
[2026-04-15T17:28:21.838Z] 5775 |    --primary: #1a2847;
[2026-04-15T17:28:38.213Z] Dev server process group stopped
[2026-04-15T17:28:38.215Z] ELIFECYCLE  Command failed.
[2026-04-15T17:28:38.229Z] Dev server exited with code -15
[2026-04-15T17:28:41.243Z] Starting dev server with command: pnpm run dev
[2026-04-15T17:28:41.818Z] 
[2026-04-15T17:28:41.819Z] > wilker-tezoto-advogado@1.0.0 dev /home/ubuntu/wilker-tezoto-advogado
[2026-04-15T17:28:41.820Z] > vite --host
[2026-04-15T17:28:41.820Z] 
[2026-04-15T17:28:42.141Z] 
[2026-04-15T17:28:42.141Z] VITE v7.1.9  ready in 282 ms
[2026-04-15T17:28:42.142Z] 
[2026-04-15T17:28:42.142Z] ➜  Local:   http://localhost:3000/
[2026-04-15T17:28:42.143Z] ➜  Network: http://169.254.0.21:3000/
[2026-04-15T17:28:42.600Z] [baseline-browser-mapping] The data in this module is over two months old.  To ensure accurate Baseline data, please update: `npm i baseline-browser-mapping@latest -D`
[2026-04-15T17:28:43.693Z] [vite:css][postcss] @import must precede all other statements (besides @charset or empty @layer)
[2026-04-15T17:28:43.693Z] 5771 |    initial-value: 0;
[2026-04-15T17:28:43.694Z] 5772 |  }
[2026-04-15T17:28:43.694Z] 5773 |  @import url('https://fonts.googleapis.com/css2?family=Lora:wght@400;500;600;700&family=Inter:wght@400;500;600;700&dis...
[2026-04-15T17:28:43.694Z] |  ^^^^^^^^^^^^^^^^^^^^^^^^^^^^^^^^^^^^^^^^^^^^^^^^^^^^^^^^^^^^^^^^^^^^^^^^^^^^^^^^^^^^^^^^^^^^^^^^^^^^^^^^^^^^^^^^^^^^^^^^
[2026-04-15T17:28:43.694Z] 5774 |  :root {
[2026-04-15T17:28:43.695Z] 5775 |    --primary: #1a2847;
[2026-04-15T17:29:16.737Z] 1:29:16 PM [vite] (client) hmr update /src/index.css
[2026-04-15T17:29:16.827Z] [vite:css][postcss] @import must precede all other statements (besides @charset or empty @layer)
[2026-04-15T17:29:16.828Z] 5771 |    initial-value: 0;
[2026-04-15T17:29:16.828Z] 5772 |  }
[2026-04-15T17:29:16.829Z] 5773 |  @import url('https://fonts.googleapis.com/css2?family=Lora:wght@400;500;600;700&family=Inter:wght@400;500;600;700&dis...
[2026-04-15T17:29:16.829Z] |  ^^^^^^^^^^^^^^^^^^^^^^^^^^^^^^^^^^^^^^^^^^^^^^^^^^^^^^^^^^^^^^^^^^^^^^^^^^^^^^^^^^^^^^^^^^^^^^^^^^^^^^^^^^^^^^^^^^^^^^^^
[2026-04-15T17:29:16.829Z] 5774 |  :root {
[2026-04-15T17:29:16.829Z] 5775 |    --primary: #1a2847;
[2026-04-15T18:09:23.960Z] 2:09:23 PM [vite] (client) hmr update /src/components/Header.tsx, /src/index.css
[2026-04-15T18:09:30.046Z] Dev server process group stopped
[2026-04-15T18:09:30.048Z] ELIFECYCLE  Command failed.
[2026-04-15T18:09:30.060Z] Dev server exited with code -15
[2026-04-15T18:09:33.076Z] Starting dev server with command: pnpm run dev
[2026-04-15T18:09:33.677Z] 
[2026-04-15T18:09:33.677Z] > wilker-tezoto-advogado@1.0.0 dev /home/ubuntu/wilker-tezoto-advogado
[2026-04-15T18:09:33.678Z] > vite --host
[2026-04-15T18:09:33.678Z] 
[2026-04-15T18:09:33.979Z] 
[2026-04-15T18:09:33.979Z] VITE v7.1.9  ready in 267 ms
[2026-04-15T18:09:33.980Z] 
[2026-04-15T18:09:33.980Z] ➜  Local:   http://localhost:3000/
[2026-04-15T18:09:33.981Z] ➜  Network: http://169.254.0.21:3000/
[2026-04-15T18:09:35.369Z] [baseline-browser-mapping] The data in this module is over two months old.  To ensure accurate Baseline data, please update: `npm i baseline-browser-mapping@latest -D`
[2026-04-15T18:09:36.473Z] [vite:css][postcss] @import must precede all other statements (besides @charset or empty @layer)
[2026-04-15T18:09:36.474Z] 5771 |    initial-value: 0;
[2026-04-15T18:09:36.474Z] 5772 |  }
[2026-04-15T18:09:36.474Z] 5773 |  @import url('https://fonts.googleapis.com/css2?family=Lora:wght@400;500;600;700&family=Inter:wght@400;500;600;700&dis...
[2026-04-15T18:09:36.475Z] |  ^^^^^^^^^^^^^^^^^^^^^^^^^^^^^^^^^^^^^^^^^^^^^^^^^^^^^^^^^^^^^^^^^^^^^^^^^^^^^^^^^^^^^^^^^^^^^^^^^^^^^^^^^^^^^^^^^^^^^^^^
[2026-04-15T18:09:36.475Z] 5774 |  :root {
[2026-04-15T18:09:36.475Z] 5775 |    --primary: #1a2847;
[2026-04-15T18:09:52.931Z] 2:09:52 PM [vite] (client) hmr update /src/index.css
[2026-04-15T18:09:55.366Z] [vite:css][postcss] @import must precede all other statements (besides @charset or empty @layer)
[2026-04-15T18:09:55.367Z] 5771 |    initial-value: 0;
[2026-04-15T18:09:55.367Z] 5772 |  }
[2026-04-15T18:09:55.368Z] 5773 |  @import url('https://fonts.googleapis.com/css2?family=Lora:wght@400;500;600;700&family=Inter:wght@400;500;600;700&dis...
[2026-04-15T18:09:55.368Z] |  ^^^^^^^^^^^^^^^^^^^^^^^^^^^^^^^^^^^^^^^^^^^^^^^^^^^^^^^^^^^^^^^^^^^^^^^^^^^^^^^^^^^^^^^^^^^^^^^^^^^^^^^^^^^^^^^^^^^^^^^^
[2026-04-15T18:09:55.369Z] 5774 |  :root {
[2026-04-15T18:09:55.369Z] 5775 |    --primary: #1a2847;
[2026-04-15T18:10:35.425Z] 2:10:35 PM [vite] (client) hmr update /src/components/Header.tsx, /src/index.css
[2026-04-15T18:10:35.695Z] [vite:css][postcss] @import must precede all other statements (besides @charset or empty @layer)
[2026-04-15T18:10:35.695Z] 5771 |    initial-value: 0;
[2026-04-15T18:10:35.696Z] 5772 |  }
[2026-04-15T18:10:35.696Z] 5773 |  @import url('https://fonts.googleapis.com/css2?family=Lora:wght@400;500;600;700&family=Inter:wght@400;500;600;700&dis...
[2026-04-15T18:10:35.696Z] |  ^^^^^^^^^^^^^^^^^^^^^^^^^^^^^^^^^^^^^^^^^^^^^^^^^^^^^^^^^^^^^^^^^^^^^^^^^^^^^^^^^^^^^^^^^^^^^^^^^^^^^^^^^^^^^^^^^^^^^^^^
[2026-04-15T18:10:35.697Z] 5774 |  :root {
[2026-04-15T18:10:35.697Z] 5775 |    --primary: #1a2847;
[2026-04-15T18:10:41.429Z] Dev server process group stopped
[2026-04-15T18:10:41.432Z] ELIFECYCLE  Command failed.
[2026-04-15T18:10:41.446Z] Dev server exited with code -15
[2026-04-15T18:10:44.456Z] Starting dev server with command: pnpm run dev
[2026-04-15T18:10:45.039Z] 
[2026-04-15T18:10:45.040Z] > wilker-tezoto-advogado@1.0.0 dev /home/ubuntu/wilker-tezoto-advogado
[2026-04-15T18:10:45.040Z] > vite --host
[2026-04-15T18:10:45.041Z] 
[2026-04-15T18:10:45.367Z] 
[2026-04-15T18:10:45.367Z] VITE v7.1.9  ready in 289 ms
[2026-04-15T18:10:45.368Z] 
[2026-04-15T18:10:45.368Z] ➜  Local:   http://localhost:3000/
[2026-04-15T18:10:45.368Z] ➜  Network: http://169.254.0.21:3000/
[2026-04-15T18:10:45.834Z] [baseline-browser-mapping] The data in this module is over two months old.  To ensure accurate Baseline data, please update: `npm i baseline-browser-mapping@latest -D`
[2026-04-15T18:10:46.845Z] [vite:css][postcss] @import must precede all other statements (besides @charset or empty @layer)
[2026-04-15T18:10:46.846Z] 5771 |    initial-value: 0;
[2026-04-15T18:10:46.846Z] 5772 |  }
[2026-04-15T18:10:46.847Z] 5773 |  @import url('https://fonts.googleapis.com/css2?family=Lora:wght@400;500;600;700&family=Inter:wght@400;500;600;700&dis...
[2026-04-15T18:10:46.847Z] |  ^^^^^^^^^^^^^^^^^^^^^^^^^^^^^^^^^^^^^^^^^^^^^^^^^^^^^^^^^^^^^^^^^^^^^^^^^^^^^^^^^^^^^^^^^^^^^^^^^^^^^^^^^^^^^^^^^^^^^^^^
[2026-04-15T18:10:46.847Z] 5774 |  :root {
[2026-04-15T18:10:46.848Z] 5775 |    --primary: #1a2847;
[2026-04-15T18:10:59.872Z] 2:10:59 PM [vite] (client) hmr update /src/index.css
[2026-04-15T18:11:00.089Z] [vite:css][postcss] @import must precede all other statements (besides @charset or empty @layer)
[2026-04-15T18:11:00.090Z] 5771 |    initial-value: 0;
[2026-04-15T18:11:00.090Z] 5772 |  }
[2026-04-15T18:11:00.090Z] 5773 |  @import url('https://fonts.googleapis.com/css2?family=Lora:wght@400;500;600;700&family=Inter:wght@400;500;600;700&dis...
[2026-04-15T18:11:00.091Z] |  ^^^^^^^^^^^^^^^^^^^^^^^^^^^^^^^^^^^^^^^^^^^^^^^^^^^^^^^^^^^^^^^^^^^^^^^^^^^^^^^^^^^^^^^^^^^^^^^^^^^^^^^^^^^^^^^^^^^^^^^^
[2026-04-15T18:11:00.091Z] 5774 |  :root {
[2026-04-15T18:11:00.091Z] 5775 |    --primary: #1a2847;
[2026-04-16T01:07:09.165Z] 9:07:09 PM [vite] (client) hmr update /src/components/Header.tsx, /src/index.css
[2026-04-16T01:07:14.878Z] Dev server process group stopped
[2026-04-16T01:07:14.881Z] ELIFECYCLE  Command failed.
[2026-04-16T01:07:14.893Z] Dev server exited with code -15
[2026-04-16T01:07:17.889Z] Starting dev server with command: pnpm run dev
[2026-04-16T01:07:18.468Z] 
[2026-04-16T01:07:18.469Z] > wilker-tezoto-advogado@1.0.0 dev /home/ubuntu/wilker-tezoto-advogado
[2026-04-16T01:07:18.469Z] > vite --host
[2026-04-16T01:07:18.469Z] 
[2026-04-16T01:07:18.777Z] 
[2026-04-16T01:07:18.778Z] VITE v7.1.9  ready in 275 ms
[2026-04-16T01:07:18.778Z] 
[2026-04-16T01:07:18.778Z] ➜  Local:   http://localhost:3000/
[2026-04-16T01:07:18.779Z] ➜  Network: http://169.254.0.21:3000/
[2026-04-16T01:07:20.154Z] [baseline-browser-mapping] The data in this module is over two months old.  To ensure accurate Baseline data, please update: `npm i baseline-browser-mapping@latest -D`
[2026-04-16T01:07:21.151Z] [vite:css][postcss] @import must precede all other statements (besides @charset or empty @layer)
[2026-04-16T01:07:21.152Z] 5774 |    initial-value: 0;
[2026-04-16T01:07:21.152Z] 5775 |  }
[2026-04-16T01:07:21.152Z] 5776 |  @import url('https://fonts.googleapis.com/css2?family=Lora:wght@400;500;600;700&family=Inter:wght@400;500;600;700&dis...
[2026-04-16T01:07:21.153Z] |  ^^^^^^^^^^^^^^^^^^^^^^^^^^^^^^^^^^^^^^^^^^^^^^^^^^^^^^^^^^^^^^^^^^^^^^^^^^^^^^^^^^^^^^^^^^^^^^^^^^^^^^^^^^^^^^^^^^^^^^^^
[2026-04-16T01:07:21.153Z] 5777 |  :root {
[2026-04-16T01:07:21.153Z] 5778 |    --primary: #1a2847;
[2026-04-16T01:07:33.240Z] 9:07:33 PM [vite] (client) hmr update /src/index.css
[2026-04-16T01:07:35.102Z] [vite:css][postcss] @import must precede all other statements (besides @charset or empty @layer)
[2026-04-16T01:07:35.103Z] 5774 |    initial-value: 0;
[2026-04-16T01:07:35.103Z] 5775 |  }
[2026-04-16T01:07:35.103Z] 5776 |  @import url('https://fonts.googleapis.com/css2?family=Lora:wght@400;500;600;700&family=Inter:wght@400;500;600;700&dis...
[2026-04-16T01:07:35.103Z] |  ^^^^^^^^^^^^^^^^^^^^^^^^^^^^^^^^^^^^^^^^^^^^^^^^^^^^^^^^^^^^^^^^^^^^^^^^^^^^^^^^^^^^^^^^^^^^^^^^^^^^^^^^^^^^^^^^^^^^^^^^
[2026-04-16T01:07:35.104Z] 5777 |  :root {
[2026-04-16T01:07:35.104Z] 5778 |    --primary: #1a2847;
[2026-04-16T01:09:39.345Z] 9:09:39 PM [vite] (client) hmr update /src/components/Header.tsx, /src/index.css
[2026-04-16T01:09:39.758Z] [vite:css][postcss] @import must precede all other statements (besides @charset or empty @layer)
[2026-04-16T01:09:39.759Z] 5774 |    initial-value: 0;
[2026-04-16T01:09:39.759Z] 5775 |  }
[2026-04-16T01:09:39.760Z] 5776 |  @import url('https://fonts.googleapis.com/css2?family=Lora:wght@400;500;600;700&family=Inter:wght@400;500;600;700&dis...
[2026-04-16T01:09:39.760Z] |  ^^^^^^^^^^^^^^^^^^^^^^^^^^^^^^^^^^^^^^^^^^^^^^^^^^^^^^^^^^^^^^^^^^^^^^^^^^^^^^^^^^^^^^^^^^^^^^^^^^^^^^^^^^^^^^^^^^^^^^^^
[2026-04-16T01:09:39.761Z] 5777 |  :root {
[2026-04-16T01:09:39.761Z] 5778 |    --primary: #1a2847;
[2026-04-16T01:09:43.907Z] Dev server process group stopped
[2026-04-16T01:09:43.910Z] ELIFECYCLE  Command failed.
[2026-04-16T01:09:43.925Z] Dev server exited with code -15
[2026-04-16T01:09:46.918Z] Starting dev server with command: pnpm run dev
[2026-04-16T01:09:47.492Z] 
[2026-04-16T01:09:47.493Z] > wilker-tezoto-advogado@1.0.0 dev /home/ubuntu/wilker-tezoto-advogado
[2026-04-16T01:09:47.493Z] > vite --host
[2026-04-16T01:09:47.494Z] 
[2026-04-16T01:09:47.798Z] 
[2026-04-16T01:09:47.799Z] VITE v7.1.9  ready in 271 ms
[2026-04-16T01:09:47.799Z] 
[2026-04-16T01:09:47.799Z] ➜  Local:   http://localhost:3000/
[2026-04-16T01:09:47.800Z] ➜  Network: http://169.254.0.21:3000/
[2026-04-16T01:09:49.191Z] [baseline-browser-mapping] The data in this module is over two months old.  To ensure accurate Baseline data, please update: `npm i baseline-browser-mapping@latest -D`
[2026-04-16T01:09:50.300Z] [vite:css][postcss] @import must precede all other statements (besides @charset or empty @layer)
[2026-04-16T01:09:50.300Z] 5774 |    initial-value: 0;
[2026-04-16T01:09:50.301Z] 5775 |  }
[2026-04-16T01:09:50.301Z] 5776 |  @import url('https://fonts.googleapis.com/css2?family=Lora:wght@400;500;600;700&family=Inter:wght@400;500;600;700&dis...
[2026-04-16T01:09:50.302Z] |  ^^^^^^^^^^^^^^^^^^^^^^^^^^^^^^^^^^^^^^^^^^^^^^^^^^^^^^^^^^^^^^^^^^^^^^^^^^^^^^^^^^^^^^^^^^^^^^^^^^^^^^^^^^^^^^^^^^^^^^^^
[2026-04-16T01:09:50.302Z] 5777 |  :root {
[2026-04-16T01:09:50.303Z] 5778 |    --primary: #1a2847;
[2026-04-16T01:10:02.182Z] 9:10:02 PM [vite] (client) hmr update /src/index.css
[2026-04-16T01:10:04.182Z] [vite:css][postcss] @import must precede all other statements (besides @charset or empty @layer)
[2026-04-16T01:10:04.183Z] 5774 |    initial-value: 0;
[2026-04-16T01:10:04.184Z] 5775 |  }
[2026-04-16T01:10:04.184Z] 5776 |  @import url('https://fonts.googleapis.com/css2?family=Lora:wght@400;500;600;700&family=Inter:wght@400;500;600;700&dis...
[2026-04-16T01:10:04.185Z] |  ^^^^^^^^^^^^^^^^^^^^^^^^^^^^^^^^^^^^^^^^^^^^^^^^^^^^^^^^^^^^^^^^^^^^^^^^^^^^^^^^^^^^^^^^^^^^^^^^^^^^^^^^^^^^^^^^^^^^^^^^
[2026-04-16T01:10:04.185Z] 5777 |  :root {
[2026-04-16T01:10:04.186Z] 5778 |    --primary: #1a2847;
[2026-04-16T14:44:57.515Z] Dev server process group stopped
[2026-04-16T14:45:00.532Z] Starting dev server with command: pnpm run dev
[2026-04-16T14:45:01.158Z] 
[2026-04-16T14:45:01.159Z] > wilker-tezoto-advogado@1.0.0 dev /home/ubuntu/wilker-tezoto-advogado
[2026-04-16T14:45:01.159Z] > vite --host
[2026-04-16T14:45:01.159Z] 
[2026-04-16T14:45:01.503Z] 
[2026-04-16T14:45:01.504Z] VITE v7.1.9  ready in 307 ms
[2026-04-16T14:45:01.504Z] 
[2026-04-16T14:45:01.504Z] ➜  Local:   http://localhost:3000/
[2026-04-16T14:45:01.505Z] ➜  Network: http://169.254.0.21:3000/
[2026-04-16T16:33:14.210Z] [baseline-browser-mapping] The data in this module is over two months old.  To ensure accurate Baseline data, please update: `npm i baseline-browser-mapping@latest -D`
[2026-04-16T16:33:15.328Z] [vite:css][postcss] @import must precede all other statements (besides @charset or empty @layer)
[2026-04-16T16:33:15.329Z] 5774 |    initial-value: 0;
[2026-04-16T16:33:15.329Z] 5775 |  }
[2026-04-16T16:33:15.330Z] 5776 |  @import url('https://fonts.googleapis.com/css2?family=Lora:wght@400;500;600;700&family=Inter:wght@400;500;600;700&dis...
[2026-04-16T16:33:15.330Z] |  ^^^^^^^^^^^^^^^^^^^^^^^^^^^^^^^^^^^^^^^^^^^^^^^^^^^^^^^^^^^^^^^^^^^^^^^^^^^^^^^^^^^^^^^^^^^^^^^^^^^^^^^^^^^^^^^^^^^^^^^^
[2026-04-16T16:33:15.330Z] 5777 |  :root {
[2026-04-16T16:33:15.330Z] 5778 |    --primary: #1a2847;
[2026-04-16T17:44:30.451Z] 1:44:30 PM [vite] (client) page reload index.html
[2026-04-16T17:44:30.452Z] 1:44:30 PM [vite] (client) page reload public/.gitkeep
[2026-04-16T17:44:30.452Z] 1:44:30 PM [vite] (client) page reload public/__manus__/debug-collector.js
[2026-04-16T17:44:30.452Z] 1:44:30 PM [vite] (client) page reload public/robots.txt
[2026-04-16T17:44:30.452Z] 1:44:30 PM [vite] (client) page reload public/sitemap.xml
[2026-04-16T17:44:30.453Z] 1:44:30 PM [vite] (client) page reload public/__manus__/version.json
[2026-04-16T17:44:30.453Z] 1:44:30 PM [vite] (client) page reload src/App.tsx
[2026-04-16T17:44:30.453Z] 1:44:30 PM [vite] (client) page reload src/components/BackToTop.tsx
[2026-04-16T17:44:30.453Z] 1:44:30 PM [vite] (client) page reload src/components/BlogSearchBar.tsx
[2026-04-16T17:44:30.454Z] 1:44:30 PM [vite] (client) page reload src/components/Breadcrumb.tsx
[2026-04-16T17:44:30.454Z] 1:44:30 PM [vite] (client) page reload src/components/ErrorBoundary.tsx
[2026-04-16T17:44:30.455Z] 1:44:30 PM [vite] (client) page reload src/components/FloatingButtons.tsx
[2026-04-16T17:44:30.455Z] 1:44:30 PM [vite] (client) page reload src/components/Footer.tsx
[2026-04-16T17:44:30.455Z] 1:44:30 PM [vite] (client) page reload src/components/Header.tsx
[2026-04-16T17:44:30.456Z] 1:44:30 PM [vite] (client) page reload src/components/LatestNews.tsx
[2026-04-16T17:44:30.456Z] 1:44:30 PM [vite] (client) page reload src/components/ManusDialog.tsx
[2026-04-16T17:44:30.456Z] 1:44:30 PM [vite] (client) page reload src/components/Map.tsx
[2026-04-16T17:44:30.457Z] 1:44:30 PM [vite] (client) page reload src/components/RelatedArticles.tsx
[2026-04-16T17:44:30.457Z] 1:44:30 PM [vite] (client) page reload src/components/ShareButtons.tsx
[2026-04-16T17:44:30.457Z] 1:44:30 PM [vite] (client) page reload src/components/articles/BlogArticleTemplate.tsx
[2026-04-16T17:44:30.457Z] 1:44:30 PM [vite] (client) page reload src/components/articles/ContratoNaoCumpridoArticle.tsx
[2026-04-16T17:44:30.457Z] 1:44:30 PM [vite] (client) page reload src/components/articles/GuardaCompartilhadaArticle.tsx
[2026-04-16T17:44:30.458Z] 1:44:30 PM [vite] (client) page reload src/components/ui/accordion.tsx
[2026-04-16T17:44:30.458Z] 1:44:30 PM [vite] (client) page reload src/components/ui/alert-dialog.tsx
[2026-04-16T17:44:30.458Z] 1:44:30 PM [vite] (client) page reload src/components/ui/alert.tsx
[2026-04-16T17:44:30.459Z] 1:44:30 PM [vite] (client) page reload src/components/ui/aspect-ratio.tsx
[2026-04-16T17:44:30.459Z] 1:44:30 PM [vite] (client) page reload src/components/ui/avatar.tsx
[2026-04-16T17:44:30.459Z] 1:44:30 PM [vite] (client) page reload src/components/ui/badge.tsx
[2026-04-16T17:44:30.460Z] 1:44:30 PM [vite] (client) page reload src/components/ui/breadcrumb.tsx
[2026-04-16T17:44:30.460Z] 1:44:30 PM [vite] (client) page reload src/components/ui/button-group.tsx
[2026-04-16T17:44:30.460Z] 1:44:30 PM [vite] (client) page reload src/components/ui/button.tsx
[2026-04-16T17:44:30.460Z] 1:44:30 PM [vite] (client) page reload src/components/ui/calendar.tsx
[2026-04-16T17:44:30.461Z] 1:44:30 PM [vite] (client) page reload src/components/ui/card.tsx
[2026-04-16T17:44:30.461Z] 1:44:30 PM [vite] (client) page reload src/components/ui/carousel.tsx
[2026-04-16T17:44:30.461Z] 1:44:30 PM [vite] (client) page reload src/components/ui/chart.tsx
[2026-04-16T17:44:30.461Z] 1:44:30 PM [vite] (client) page reload src/components/ui/checkbox.tsx
[2026-04-16T17:44:30.462Z] 1:44:30 PM [vite] (client) page reload src/components/ui/collapsible.tsx
[2026-04-16T17:44:30.462Z] 1:44:30 PM [vite] (client) page reload src/components/ui/command.tsx
[2026-04-16T17:44:30.462Z] 1:44:30 PM [vite] (client) page reload src/components/ui/context-menu.tsx
[2026-04-16T17:44:30.462Z] 1:44:30 PM [vite] (client) page reload src/components/ui/dialog.tsx
[2026-04-16T17:44:30.463Z] 1:44:30 PM [vite] (client) page reload src/components/ui/drawer.tsx
[2026-04-16T17:44:30.463Z] 1:44:30 PM [vite] (client) page reload src/components/ui/dropdown-menu.tsx
[2026-04-16T17:44:30.463Z] 1:44:30 PM [vite] (client) page reload src/components/ui/empty.tsx
[2026-04-16T17:44:30.464Z] 1:44:30 PM [vite] (client) page reload src/components/ui/field.tsx
[2026-04-16T17:44:30.464Z] 1:44:30 PM [vite] (client) page reload src/components/ui/form.tsx
[2026-04-16T17:44:30.464Z] 1:44:30 PM [vite] (client) page reload src/components/ui/hover-card.tsx
[2026-04-16T17:44:30.465Z] 1:44:30 PM [vite] (client) page reload src/components/ui/input-group.tsx
[2026-04-16T17:44:30.465Z] 1:44:30 PM [vite] (client) page reload src/components/ui/input-otp.tsx
[2026-04-16T17:44:30.465Z] 1:44:30 PM [vite] (client) page reload src/components/ui/input.tsx
[2026-04-16T17:44:30.465Z] 1:44:30 PM [vite] (client) page reload src/components/ui/item.tsx
[2026-04-16T17:44:30.465Z] 1:44:30 PM [vite] (client) page reload src/components/ui/kbd.tsx
[2026-04-16T17:44:30.466Z] 1:44:30 PM [vite] (client) page reload src/components/ui/label.tsx
[2026-04-16T17:44:30.466Z] 1:44:30 PM [vite] (client) page reload src/components/ui/menubar.tsx
[2026-04-16T17:44:30.466Z] 1:44:30 PM [vite] (client) page reload src/components/ui/navigation-menu.tsx
[2026-04-16T17:44:30.466Z] 1:44:30 PM [vite] (client) page reload src/components/ui/pagination.tsx
[2026-04-16T17:44:30.466Z] 1:44:30 PM [vite] (client) page reload src/components/ui/popover.tsx
[2026-04-16T17:44:30.467Z] 1:44:30 PM [vite] (client) page reload src/components/ui/progress.tsx
[2026-04-16T17:44:30.467Z] 1:44:30 PM [vite] (client) page reload src/components/ui/radio-group.tsx
[2026-04-16T17:44:30.467Z] 1:44:30 PM [vite] (client) page reload src/components/ui/resizable.tsx
[2026-04-16T17:44:30.467Z] 1:44:30 PM [vite] (client) page reload src/components/ui/scroll-area.tsx
[2026-04-16T17:44:30.468Z] 1:44:30 PM [vite] (client) page reload src/components/ui/separator.tsx
[2026-04-16T17:44:30.468Z] 1:44:30 PM [vite] (client) page reload src/components/ui/select.tsx
[2026-04-16T17:44:30.468Z] 1:44:30 PM [vite] (client) page reload src/components/ui/sheet.tsx
[2026-04-16T17:44:30.468Z] 1:44:30 PM [vite] (client) page reload src/components/ui/sidebar.tsx
[2026-04-16T17:44:30.468Z] 1:44:30 PM [vite] (client) page reload src/components/ui/skeleton.tsx
[2026-04-16T17:44:30.468Z] 1:44:30 PM [vite] (client) page reload src/components/ui/slider.tsx
[2026-04-16T17:44:30.469Z] 1:44:30 PM [vite] (client) page reload src/components/ui/sonner.tsx
[2026-04-16T17:44:30.469Z] 1:44:30 PM [vite] (client) page reload src/components/ui/spinner.tsx
[2026-04-16T17:44:30.469Z] 1:44:30 PM [vite] (client) page reload src/components/ui/switch.tsx
[2026-04-16T17:44:30.469Z] 1:44:30 PM [vite] (client) page reload src/components/ui/table.tsx
[2026-04-16T17:44:30.469Z] 1:44:30 PM [vite] (client) page reload src/components/ui/textarea.tsx
[2026-04-16T17:44:30.470Z] 1:44:30 PM [vite] (client) page reload src/components/ui/tabs.tsx
[2026-04-16T17:44:30.470Z] 1:44:30 PM [vite] (client) page reload src/components/ui/toggle-group.tsx
[2026-04-16T17:44:30.470Z] 1:44:30 PM [vite] (client) page reload src/components/ui/toggle.tsx
[2026-04-16T17:44:30.470Z] 1:44:30 PM [vite] (client) page reload src/components/ui/tooltip.tsx
[2026-04-16T17:44:30.471Z] 1:44:30 PM [vite] (client) page reload src/const.ts
[2026-04-16T17:44:30.471Z] 1:44:30 PM [vite] (client) page reload src/contexts/ThemeContext.tsx
[2026-04-16T17:44:30.471Z] 1:44:30 PM [vite] (client) page reload src/hooks/useArticleMeta.ts
[2026-04-16T17:44:30.471Z] 1:44:30 PM [vite] (client) page reload src/hooks/useComposition.ts
[2026-04-16T17:44:30.471Z] 1:44:30 PM [vite] (client) page reload src/hooks/useMobile.tsx
[2026-04-16T17:44:30.472Z] 1:44:30 PM [vite] (client) page reload src/hooks/usePersistFn.ts
[2026-04-16T17:44:30.472Z] 1:44:30 PM [vite] (client) hmr update /src/index.css
[2026-04-16T17:44:30.472Z] 1:44:30 PM [vite] (client) page reload src/lib/utils.ts
[2026-04-16T17:44:30.472Z] 1:44:30 PM [vite] (client) page reload src/main.tsx
[2026-04-16T17:44:30.473Z] 1:44:30 PM [vite] (client) page reload src/pages/About.tsx
[2026-04-16T17:44:30.473Z] 1:44:30 PM [vite] (client) page reload src/pages/Appointments.tsx
[2026-04-16T17:44:30.473Z] 1:44:30 PM [vite] (client) page reload src/pages/Blog.tsx
[2026-04-16T17:44:30.474Z] 1:44:30 PM [vite] (client) page reload src/pages/BlogPost.tsx
[2026-04-16T17:44:30.474Z] 1:44:30 PM [vite] (client) page reload src/pages/BlogPostConsumidor.tsx
[2026-04-16T17:44:30.474Z] 1:44:30 PM [vite] (client) page reload src/pages/BlogPostConsumidorCompleto.tsx
[2026-04-16T17:44:30.475Z] 1:44:30 PM [vite] (client) page reload src/pages/BlogPostFraude.tsx
[2026-04-16T17:44:30.475Z] 1:44:30 PM [vite] (client) page reload src/pages/BlogPostGuarda.tsx
[2026-04-16T17:44:30.475Z] 1:44:30 PM [vite] (client) page reload src/pages/BlogPostPensao.tsx
[2026-04-16T17:44:30.475Z] 1:44:30 PM [vite] (client) page reload src/pages/BlogPostSuperendividamento.tsx
[2026-04-16T17:44:30.476Z] 1:44:30 PM [vite] (client) page reload src/pages/BlogPostPreventivo.tsx
[2026-04-16T17:44:30.476Z] 1:44:30 PM [vite] (client) page reload src/pages/BlogPostTransito.tsx
[2026-04-16T17:44:30.476Z] 1:44:30 PM [vite] (client) page reload src/pages/BlogPostTransitoDefesa.tsx
[2026-04-16T17:44:30.476Z] 1:44:30 PM [vite] (client) page reload src/pages/Contact.tsx
[2026-04-16T17:44:30.476Z] 1:44:30 PM [vite] (client) page reload src/pages/Home.tsx
[2026-04-16T17:44:30.477Z] 1:44:30 PM [vite] (client) page reload src/pages/NotFound.tsx
[2026-04-16T17:44:30.477Z] 1:44:30 PM [vite] (client) page reload src/pages/PracticeAreas.tsx
[2026-04-16T17:44:30.477Z] 1:44:30 PM [vite] (client) page reload src/pages/Services.tsx
[2026-04-16T17:44:30.477Z] 1:44:30 PM [vite] (client) page reload src/pages/blog/DireitosConsumidorArticle.tsx
[2026-04-16T17:44:30.477Z] 1:44:30 PM [vite] (client) page reload src/pages/blog/DivorcioArticle.tsx
[2026-04-16T17:44:30.478Z] 1:44:30 PM [vite] (client) page reload src/pages/blog/GolpesDigitaisArticle.tsx
[2026-04-16T17:44:30.478Z] 1:44:30 PM [vite] (client) page reload src/pages/blog/PensaoArticle.tsx
[2026-04-16T17:44:30.478Z] 1:44:30 PM [vite] (client) page reload src/pages/blog/PlanoSaudeArticle.tsx
[2026-04-16T17:44:30.478Z] 1:44:30 PM [vite] (client) page reload src/pages/blog/SuperendividamentoArticle.tsx
[2026-04-16T17:44:30.478Z] 1:44:30 PM [vite] (client) page reload src/pages/blog/TransitoDefesaArticle.tsx
[2026-04-16T17:44:30.860Z] 1:44:30 PM [vite] changed tsconfig file detected: /home/ubuntu/wilker-tezoto-advogado/tsconfig.json - Clearing cache and forcing full-reload to ensure TypeScript is compiled with updated config values.
[2026-04-16T17:44:30.861Z] 1:44:30 PM [vite] vite.config.ts changed, restarting server...
[2026-04-16T17:44:30.882Z] Port 5173 is in use, trying another one...
[2026-04-16T17:44:30.882Z] 1:44:30 PM [vite] server restarted.
[2026-04-16T17:44:30.883Z] 
[2026-04-16T17:44:30.883Z] ➜  Local:   http://localhost:5174/
[2026-04-16T17:44:30.883Z] ➜  Network: http://169.254.0.21:5174/
[2026-04-16T18:20:58.768Z] 2:20:58 PM [vite] (client) page reload client/index.html
[2026-04-16T18:20:58.809Z] 2:20:58 PM [vite] changed tsconfig file detected: /home/ubuntu/wilker-tezoto-advogado/tsconfig.json - Clearing cache and forcing full-reload to ensure TypeScript is compiled with updated config values.
[2026-04-16T18:22:08.708Z] 2:22:08 PM [vite] changed tsconfig file detected: /home/ubuntu/wilker-tezoto-advogado/tsconfig.json - Clearing cache and forcing full-reload to ensure TypeScript is compiled with updated config values.
[2026-04-16T18:22:08.710Z] 2:22:08 PM [vite] (client) page reload client/index.html
[2026-04-17T11:52:05.064Z] 7:52:05 AM [vite] (client) page reload index.html
